label,発生日時　　月,発生日時　　日,発生日時　　時,車道幅員,天候,地形,路面状態,道路形状,信号機
0,3,23,15,15,2,1,1,1,7
0,7,4,16,5,1,2,1,14,1
0,12,3,7,3,1,3,1,12,7
0,10,25,7,14,1,1,1,1,7
1,1,7,9,4,1,3,1,13,7
0,5,19,21,19,2,1,1,1,1
0,8,6,9,11,1,2,1,1,7
1,9,3,22,11,1,1,1,1,7
1,3,6,10,14,1,3,1,1,7
0,10,28,7,14,2,2,2,1,7
0,4,15,14,3,1,3,1,7,1
0,12,13,18,3,3,1,2,7,7
0,8,6,19,2,1,2,1,14,7
1,11,14,16,15,1,1,1,1,7
0,4,13,19,11,1,2,1,1,1
1,8,17,12,3,2,3,1,14,7
0,4,28,10,3,1,1,1,14,7
1,10,20,14,0,2,3,1,0,7
1,2,29,14,3,1,3,1,13,7
1,6,10,18,3,1,3,1,13,7
0,1,23,9,4,2,3,1,14,7
1,6,18,9,3,3,3,2,13,7
1,6,8,4,3,1,3,1,13,7
0,6,15,8,1,1,2,1,13,7
1,6,28,21,5,1,1,1,13,7
1,2,8,14,19,2,1,1,1,1
1,12,25,10,3,1,1,1,14,7
1,4,9,5,3,1,3,1,14,7
0,4,27,23,3,1,1,1,14,7
0,9,24,13,2,1,2,1,7,1
0,3,9,16,15,1,1,1,1,1
0,11,27,17,3,1,1,1,14,7
0,4,6,16,11,1,1,1,1,2
1,9,20,22,19,1,2,1,1,1
1,9,13,11,11,1,3,1,1,7
0,6,3,16,2,1,1,1,7,7
0,4,11,6,0,2,2,2,0,7
1,12,27,17,4,1,2,1,14,7
1,12,24,17,17,2,2,1,1,7
1,7,3,4,14,1,3,1,1,2
1,5,4,19,0,2,1,1,0,7
1,6,28,3,3,2,2,1,14,7
1,3,1,1,3,3,2,2,14,7
1,7,9,7,19,1,1,1,1,1
1,12,16,13,4,1,3,1,11,7
0,1,13,15,17,3,1,2,1,7
0,7,29,10,18,1,1,1,1,1
1,6,26,1,4,2,3,1,14,7
0,11,27,10,15,1,2,1,1,1
0,8,26,2,15,1,1,1,1,3
1,4,15,18,15,2,1,1,1,2
0,8,7,21,3,2,2,1,14,7
0,4,21,15,15,3,1,2,1,7
0,12,2,19,3,1,2,1,14,7
1,10,18,6,3,1,2,1,14,7
1,10,11,19,5,1,1,1,7,7
0,8,6,9,11,2,1,1,1,7
0,8,4,8,1,1,2,1,14,7
0,11,26,6,14,1,3,1,1,1
0,12,17,10,14,1,3,1,1,7
1,3,15,8,0,1,3,1,0,7
1,6,10,12,5,2,1,1,14,7
0,4,6,11,3,1,1,1,7,7
0,10,16,16,0,1,1,1,0,7
1,4,13,6,14,1,2,1,1,7
1,10,24,17,15,3,2,2,1,2
0,1,2,14,15,1,1,1,1,1
1,12,5,10,4,1,1,1,12,7
0,1,12,8,14,1,2,1,1,7
1,4,4,16,4,2,3,1,13,7
0,8,20,16,14,1,3,1,1,7
0,12,4,13,4,1,1,1,14,7
0,7,19,16,11,1,1,1,1,7
1,9,19,18,3,2,1,2,13,7
1,12,17,4,3,1,3,1,14,7
0,6,1,15,3,1,3,1,14,7
0,4,17,16,2,1,1,1,7,7
1,5,19,6,18,2,1,1,1,1
0,7,27,12,3,1,1,1,7,7
1,6,17,7,2,1,1,1,14,7
0,1,27,14,2,2,3,1,14,7
0,5,7,18,2,1,1,1,14,7
1,6,3,7,19,1,1,1,1,1
0,12,3,7,2,1,3,1,14,7
0,11,3,19,2,1,1,1,14,1
1,11,16,21,2,1,1,1,7,7
1,9,30,5,6,1,1,1,12,7
1,5,26,14,5,1,3,1,14,7
0,1,13,17,18,5,1,2,1,1
1,11,2,1,3,3,3,2,14,7
1,7,11,15,3,1,2,1,14,7
1,1,18,20,3,3,2,2,14,7
1,5,16,2,3,3,2,2,14,7
1,8,9,23,3,1,1,1,11,7
1,11,12,17,14,1,2,1,1,7
0,3,30,12,3,1,2,1,14,7
1,1,13,16,15,2,1,1,1,1
0,11,8,17,14,1,1,1,1,7
0,12,13,6,3,1,3,1,14,7
0,11,11,15,15,1,1,1,1,1
1,5,29,15,4,1,1,1,14,7
1,8,15,14,3,1,2,1,13,7
1,2,5,10,4,2,1,1,7,1
1,5,31,12,14,1,3,1,1,7
1,9,28,16,3,1,3,1,13,7
0,10,19,15,14,2,1,1,1,7
0,6,20,7,15,1,1,1,1,7
1,4,27,8,3,2,1,1,7,7
0,12,18,22,3,1,2,1,14,7
0,10,31,7,15,1,2,1,1,7
1,6,15,21,4,3,2,2,13,7
1,1,13,14,0,1,1,1,0,7
0,11,9,6,15,1,3,1,1,7
0,4,19,2,5,1,2,1,7,1
1,1,20,4,15,2,1,1,1,1
1,4,30,19,5,3,1,2,7,1
0,7,20,14,3,2,1,1,7,1
0,4,10,13,15,1,2,1,1,1
1,7,3,12,14,1,3,1,1,7
1,10,29,17,3,1,2,1,14,7
1,12,2,6,14,2,3,2,1,7
1,4,25,19,14,1,2,1,1,7
0,12,10,18,3,1,3,1,14,7
1,4,6,8,1,1,3,1,23,7
1,12,18,4,0,1,2,1,0,7
1,11,27,10,3,1,1,1,14,7
1,12,21,8,11,1,3,1,1,7
1,9,4,9,15,1,3,1,1,1
1,12,14,0,4,1,1,1,7,7
1,11,29,16,3,1,3,1,13,7
0,11,2,10,15,2,3,2,1,7
1,1,12,7,19,1,1,1,1,1
0,1,25,15,3,1,2,1,14,7
0,8,27,7,4,3,1,2,7,1
0,4,30,14,18,1,2,1,1,1
0,6,14,8,11,1,1,1,1,7
0,11,28,10,18,1,2,1,1,1
1,4,28,12,18,1,3,1,1,1
1,2,20,11,2,1,3,1,13,7
1,3,23,21,3,3,3,2,14,7
0,2,7,7,15,1,1,1,1,1
1,7,6,9,4,1,3,1,13,7
1,7,15,9,19,1,1,1,1,7
0,10,5,18,14,3,1,2,1,7
1,12,26,17,14,3,1,2,1,7
0,2,25,14,15,3,2,2,1,2
1,12,8,17,4,1,1,1,14,7
0,12,3,23,17,2,1,1,1,1
1,7,25,13,3,3,3,2,14,7
0,1,26,17,3,1,2,1,7,7
1,11,8,23,1,2,3,1,14,7
0,10,7,15,3,1,2,1,14,7
0,9,19,7,3,1,3,1,13,7
1,6,4,14,2,1,3,1,12,7
0,5,3,2,3,1,1,1,14,7
1,2,19,18,2,1,3,1,13,7
0,12,20,11,18,1,1,1,1,1
1,10,14,6,4,1,3,1,14,7
1,11,22,17,3,1,2,1,13,7
1,9,29,18,4,1,1,1,14,7
1,10,7,6,3,2,3,1,13,7
0,3,8,11,15,1,1,1,1,1
0,3,14,14,19,1,1,1,1,1
1,10,29,9,14,2,1,1,1,1
1,4,19,2,18,2,1,2,1,1
1,12,13,9,15,1,1,1,1,1
1,7,16,15,0,3,1,2,0,7
0,12,6,16,15,1,3,2,1,7
0,7,2,8,4,2,2,2,7,1
0,11,6,16,5,1,1,1,14,7
0,9,8,16,5,1,2,1,7,2
1,12,20,11,3,1,1,1,14,7
0,11,7,15,3,1,3,1,13,7
1,6,26,21,18,1,1,1,1,1
1,12,8,4,3,2,3,1,14,7
1,12,23,13,4,1,3,1,13,7
0,3,11,18,5,1,3,1,7,1
1,9,27,10,0,2,1,1,0,7
0,4,17,22,3,1,1,1,7,1
0,8,10,9,3,1,2,1,13,7
0,2,22,18,15,3,2,2,1,1
1,3,3,0,5,1,1,1,14,7
1,12,28,4,15,1,3,1,1,7
0,8,23,8,14,1,1,1,1,7
1,8,26,19,2,3,1,2,14,7
0,9,20,21,14,1,1,1,1,1
1,4,28,10,3,1,2,1,14,7
0,3,25,13,5,2,1,1,14,7
0,4,29,10,0,3,2,2,0,7
0,7,12,9,3,3,3,1,13,7
1,1,16,15,5,5,1,2,7,1
1,11,9,15,5,1,3,1,14,7
0,5,3,3,5,1,2,1,14,7
1,11,4,13,18,1,1,1,1,1
1,10,17,22,18,2,1,1,1,2
0,10,8,9,15,1,1,1,1,7
0,7,25,10,15,1,2,1,1,1
1,6,9,0,3,1,2,1,14,7
0,2,8,17,15,1,1,1,1,7
0,7,13,14,4,2,3,1,14,7
1,12,13,22,15,1,2,1,1,3
1,9,29,12,3,1,3,1,13,7
0,8,26,13,11,1,1,1,1,7
0,2,2,18,15,1,1,1,1,7
1,8,26,18,5,1,2,1,14,7
0,6,6,8,1,1,1,1,7,7
1,9,18,4,3,1,2,1,7,1
0,3,20,5,15,2,1,1,1,7
0,6,2,18,14,3,3,2,1,7
0,7,28,8,5,1,1,1,7,1
1,11,22,7,5,1,2,1,14,7
1,4,3,1,19,1,1,1,1,1
1,8,10,2,15,1,1,1,1,7
0,11,30,10,6,1,1,1,7,1
1,5,30,7,1,1,3,1,13,7
1,8,14,19,3,3,2,2,14,7
0,1,18,15,5,3,2,2,7,1
0,7,1,16,6,3,1,2,14,7
1,10,13,16,15,1,3,1,1,1
1,10,4,17,3,3,3,1,11,7
0,10,4,18,14,2,3,1,1,7
1,2,4,12,4,2,3,3,11,7
0,12,5,9,6,1,1,1,14,7
1,10,25,17,15,2,2,1,1,7
0,8,24,23,3,1,1,1,14,7
1,9,13,20,18,1,1,1,1,1
0,12,10,8,11,1,1,1,1,7
1,3,27,16,0,1,1,1,0,7
0,6,5,7,3,1,1,1,14,7
0,4,19,9,3,1,1,1,7,7
0,8,28,12,3,1,1,1,14,7
1,11,10,17,3,3,2,2,14,7
0,12,29,18,3,1,1,1,14,7
0,11,22,14,6,2,2,1,14,7
0,9,26,11,4,1,2,1,7,7
0,9,8,11,15,1,1,1,1,7
0,6,11,14,15,2,1,1,1,7
0,6,19,6,0,1,2,1,0,7
0,4,5,20,5,1,1,1,14,7
1,2,29,1,3,2,3,1,14,7
0,1,16,15,6,1,1,1,14,1
1,6,16,3,18,1,1,1,1,1
0,10,24,16,0,1,1,1,0,7
1,9,29,6,5,1,3,1,14,7
0,8,17,17,15,1,2,1,1,1
0,5,18,7,3,1,2,1,7,1
1,5,16,10,4,1,3,2,13,7
0,3,4,18,2,1,2,1,14,7
1,3,1,5,18,2,2,2,1,1
1,5,14,21,3,1,2,1,14,7
1,7,26,12,3,1,3,1,13,7
0,3,19,19,14,1,1,1,1,7
0,11,30,16,3,1,3,1,14,7
1,6,25,11,15,2,3,1,1,7
0,12,30,9,15,2,3,2,1,7
0,9,3,9,15,2,2,1,1,1
0,4,18,17,3,1,3,1,14,7
0,11,26,9,18,3,2,2,1,1
1,11,22,8,3,1,3,1,13,7
0,10,5,16,3,2,1,1,14,7
0,7,5,9,3,1,1,1,14,7
0,12,4,11,3,1,2,1,14,7
1,8,8,0,5,1,3,1,14,7
0,3,9,16,15,1,1,1,1,7
1,9,19,21,18,1,1,1,1,1
1,4,28,14,2,1,1,1,21,7
0,12,31,18,5,3,1,2,7,1
0,4,3,14,19,3,2,2,1,1
1,3,17,23,2,2,3,1,13,7
0,11,7,6,15,1,1,1,1,2
0,11,27,16,15,2,2,1,1,1
0,9,21,12,3,1,2,1,7,1
1,9,22,7,3,3,3,2,13,7
0,12,5,17,19,1,1,1,1,1
1,11,7,15,3,1,1,1,7,7
0,4,3,17,5,1,2,1,14,7
0,8,17,17,11,1,1,1,1,7
0,8,22,17,14,3,2,2,1,1
1,4,22,15,3,1,3,5,14,7
1,2,6,15,5,1,3,1,14,7
1,9,4,8,4,1,1,1,7,1
1,1,20,22,14,3,1,2,1,7
1,7,23,13,3,1,3,1,13,7
0,7,23,12,2,1,3,1,7,7
1,3,21,7,3,1,2,1,13,7
0,9,22,4,3,3,3,2,14,7
1,4,2,11,2,1,2,1,14,7
1,4,22,19,17,1,3,1,1,1
0,10,29,0,3,2,1,1,13,7
1,11,28,11,14,1,1,1,1,7
1,4,4,11,3,2,3,2,11,7
1,11,28,5,5,1,1,1,7,7
0,3,27,14,5,1,3,1,14,7
0,5,12,9,5,3,2,2,7,1
0,6,14,7,3,1,1,1,14,7
1,10,30,5,11,3,3,2,1,7
1,12,18,6,3,1,2,1,7,7
1,3,28,19,15,3,1,2,1,1
0,5,29,9,14,1,3,1,1,1
0,8,26,1,6,1,1,1,14,7
0,6,3,9,14,1,1,1,1,7
0,12,1,16,14,1,1,1,1,7
1,11,7,14,3,1,3,1,14,7
0,2,24,10,11,1,2,1,1,2
0,1,15,14,3,1,1,1,7,7
1,6,30,11,0,2,1,1,0,7
1,8,11,3,3,1,1,1,13,7
0,11,27,8,3,1,3,2,13,7
1,10,22,21,4,1,1,1,7,7
0,3,31,10,4,1,1,1,14,7
0,1,15,18,15,1,3,1,1,7
1,3,28,1,2,1,2,1,7,7
1,11,16,16,3,1,2,1,7,7
1,2,9,7,18,1,2,1,1,7
1,9,17,19,14,1,1,1,1,7
0,8,8,15,14,1,1,1,1,1
1,5,20,9,5,3,1,2,14,7
1,10,13,13,18,1,2,1,1,1
0,11,21,15,3,1,2,1,14,7
1,4,25,17,18,1,1,1,1,1
1,7,29,8,4,2,3,2,11,7
0,7,18,8,3,1,1,1,7,7
0,6,8,16,3,1,1,1,14,7
0,12,5,6,3,1,2,1,14,7
1,4,10,21,3,1,3,1,14,7
0,10,12,15,2,1,1,1,14,7
1,5,13,5,14,3,3,2,1,7
0,9,14,12,3,1,3,1,12,7
1,10,2,1,18,1,1,1,1,1
0,12,26,9,15,1,2,1,1,1
0,10,20,15,4,3,2,2,7,7
1,6,8,0,15,1,1,1,1,7
1,10,20,14,3,1,3,1,13,7
1,12,17,7,18,1,2,1,1,1
0,12,29,13,4,1,1,1,7,1
0,11,8,21,15,1,2,1,1,1
1,10,25,18,2,1,1,1,14,7
1,9,6,8,18,1,1,1,1,7
1,10,5,9,3,1,3,1,13,7
0,2,20,18,6,1,1,1,14,7
0,6,4,19,2,2,2,1,7,1
0,7,1,14,19,3,2,2,1,1
1,12,11,17,3,1,3,1,14,7
1,4,26,14,0,2,3,1,0,7
0,8,22,18,3,2,1,1,14,7
0,9,4,7,2,1,1,1,14,7
1,7,14,12,14,2,3,1,1,1
1,8,9,11,3,1,3,1,14,7
0,6,5,17,3,1,3,1,7,7
1,1,15,15,4,2,3,3,14,7
0,3,27,17,3,1,2,1,14,7
0,12,3,18,14,1,2,1,1,7
1,10,23,10,5,1,1,1,14,7
0,11,12,8,11,1,3,1,1,1
1,8,14,7,18,2,2,1,1,1
0,7,18,15,15,1,1,1,1,1
0,7,1,13,15,1,2,1,1,1
1,3,30,15,11,1,3,1,1,7
0,9,17,18,3,1,1,1,14,7
0,12,21,14,18,2,2,1,1,1
0,2,14,12,4,1,1,1,7,1
1,7,21,1,4,1,3,1,14,7
0,2,25,20,15,1,3,2,1,7
0,2,12,2,4,1,1,1,14,7
1,11,9,6,3,1,1,1,7,3
1,8,13,12,18,1,1,1,1,1
1,10,30,20,3,2,3,1,13,7
1,4,30,11,3,2,3,1,13,7
0,8,23,11,15,1,2,1,1,1
0,1,9,22,3,2,1,4,14,7
1,11,1,19,1,3,3,2,14,7
0,3,25,6,3,1,3,1,7,7
0,10,1,8,3,1,3,1,7,7
0,4,16,16,15,1,2,1,1,1
0,11,22,17,2,1,3,1,14,7
1,2,2,20,14,1,1,1,1,7
1,2,25,18,4,3,3,2,14,7
0,2,28,16,3,1,1,1,7,1
1,5,18,12,3,1,1,1,14,7
1,10,2,15,3,2,3,1,7,7
0,4,19,6,18,1,1,1,1,1
1,5,14,19,5,1,1,1,14,7
0,11,29,20,15,1,1,1,1,7
0,4,14,2,14,1,2,1,1,7
0,8,11,15,4,1,3,1,14,7
1,3,19,14,3,1,3,1,7,7
0,5,1,19,18,3,1,2,1,1
0,7,3,8,5,1,2,1,14,7
0,6,5,13,4,1,3,1,14,7
1,4,4,7,3,2,3,1,11,7
0,10,7,23,0,1,1,1,0,7
0,6,6,9,3,1,2,1,14,7
0,11,11,9,2,2,1,1,14,7
0,4,18,16,3,1,3,1,13,7
0,4,26,14,15,2,1,1,1,7
1,2,3,20,3,3,3,2,14,7
1,7,28,2,5,1,2,1,14,7
0,5,31,9,3,2,1,2,14,1
0,1,24,20,15,1,2,1,1,1
1,9,3,8,14,2,1,1,1,1
0,9,25,16,5,1,3,1,14,7
0,3,30,18,4,1,1,1,14,7
1,8,27,14,2,2,2,1,14,7
1,11,3,7,3,1,3,2,14,7
1,10,26,11,14,1,3,1,1,7
1,9,29,15,15,1,2,1,1,2
1,8,3,21,2,2,3,1,14,7
1,12,29,8,2,5,3,4,13,7
0,11,13,16,3,1,2,1,14,7
1,1,4,21,2,1,2,1,14,7
0,2,16,10,11,2,1,1,1,7
0,2,16,11,11,2,1,1,1,1
1,3,1,19,15,1,3,1,1,1
1,12,26,6,15,1,1,1,1,1
1,8,29,9,14,2,1,1,1,7
1,1,11,4,3,1,2,1,7,7
1,6,29,12,3,1,3,1,13,7
1,9,26,7,15,1,3,1,1,7
1,8,27,15,4,2,2,2,14,7
0,1,13,11,2,1,2,1,14,7
1,7,9,15,3,1,2,1,14,7
1,11,24,22,3,1,2,1,13,7
0,9,11,10,3,1,2,1,14,7
1,4,21,13,4,2,1,1,14,7
1,5,1,4,4,3,1,2,7,7
0,7,2,8,14,1,1,1,1,1
0,10,29,21,19,3,1,2,1,1
0,12,28,19,14,1,1,1,1,7
0,2,2,19,3,1,3,1,7,7
0,8,28,10,3,2,2,1,14,7
1,8,1,7,14,1,3,1,1,7
0,11,25,18,4,1,3,1,14,7
0,1,15,7,18,3,1,2,1,1
0,12,8,17,14,1,2,1,1,7
1,4,15,19,6,1,1,1,14,7
1,2,20,9,2,1,1,1,14,7
0,2,22,7,3,3,2,2,14,7
1,5,18,15,0,1,3,1,0,7
0,8,3,16,14,1,1,1,1,1
1,1,27,16,3,1,3,1,14,7
0,2,13,16,14,1,1,1,1,1
1,2,18,18,3,1,1,1,14,7
1,11,21,12,0,1,1,1,0,7
0,1,29,10,14,1,2,1,1,1
0,6,17,14,0,2,1,5,0,7
0,12,12,14,2,1,2,1,14,7
0,5,17,8,5,1,1,1,7,7
0,5,16,14,18,1,2,1,1,1
1,7,28,16,3,1,3,1,13,7
1,10,5,12,15,2,3,1,1,7
0,9,19,12,11,1,2,1,1,7
1,7,7,11,3,1,3,1,13,7
0,12,15,11,5,1,1,1,7,8
0,6,7,9,6,2,1,1,12,7
1,12,27,18,3,5,1,3,7,7
0,2,18,12,4,1,2,1,14,7
0,7,17,17,14,1,1,1,1,7
1,4,6,7,14,1,1,1,1,7
1,1,18,20,3,1,3,1,14,7
1,8,7,14,15,1,1,1,1,1
1,11,30,20,3,1,3,1,7,7
1,7,9,19,3,2,1,1,14,7
0,3,15,19,2,1,1,1,7,7
0,10,28,16,3,3,1,1,14,7
1,8,15,6,6,1,3,1,14,7
0,12,23,14,15,1,1,1,1,1
0,7,12,9,19,3,1,2,1,1
1,7,8,19,3,2,3,1,14,7
0,5,22,23,0,1,2,1,0,7
1,1,12,10,3,1,3,1,14,7
0,1,23,8,4,1,2,1,7,1
1,3,26,19,3,1,3,1,14,7
1,7,24,9,14,1,2,1,1,7
0,1,26,16,15,3,1,2,1,1
1,4,16,21,15,2,2,1,1,1
1,9,7,13,3,1,3,1,13,7
0,10,8,7,11,1,3,1,1,7
1,1,3,22,3,3,3,2,13,7
1,12,30,19,17,1,2,1,1,7
1,12,22,9,4,1,3,1,13,7
1,4,12,14,2,1,3,1,13,7
1,6,23,12,3,3,3,2,13,7
1,2,23,5,3,3,1,2,14,7
0,2,6,11,11,3,2,1,1,7
0,11,22,13,5,1,2,1,14,7
0,8,17,10,11,1,1,1,1,7
1,11,14,22,3,1,3,1,7,7
1,7,14,4,3,1,1,1,7,7
1,2,2,3,18,1,1,1,1,1
1,2,2,15,3,2,3,1,13,7
1,12,18,7,14,2,3,1,1,7
0,2,26,17,4,1,1,1,14,7
0,1,18,9,14,3,2,2,1,7
0,6,24,8,2,2,1,1,7,7
1,9,13,22,18,1,1,1,1,1
1,4,1,13,18,1,1,1,1,1
1,11,1,10,14,1,2,1,1,7
1,6,22,0,15,1,2,1,1,7
1,11,24,1,17,1,1,1,1,1
0,12,26,14,19,1,1,1,1,1
1,8,13,18,14,2,1,1,1,2
0,3,18,7,11,1,1,1,1,7
1,5,14,13,0,1,3,1,0,7
1,11,13,8,19,1,1,1,1,7
1,5,14,7,5,1,3,1,14,7
1,1,27,2,4,2,1,1,14,7
0,7,19,8,15,1,1,1,1,1
1,5,31,9,14,3,2,2,1,7
1,9,24,10,14,1,2,1,1,7
0,9,19,18,3,2,1,1,7,7
1,12,17,18,5,1,3,1,14,7
1,11,12,16,3,1,1,1,13,7
1,3,12,7,11,3,2,2,1,7
1,8,6,19,15,1,2,1,1,7
0,6,13,10,3,1,3,1,7,1
1,11,6,14,14,1,1,1,1,2
1,12,25,21,15,1,2,1,1,7
0,6,20,21,5,3,1,1,14,7
1,4,20,20,6,1,1,1,14,7
1,5,25,8,3,1,3,1,13,7
1,10,4,9,4,2,2,1,7,1
1,11,7,14,3,1,3,1,13,7
0,5,27,9,15,3,2,2,1,1
1,1,13,0,14,2,3,2,1,7
1,10,23,6,5,2,1,1,14,7
1,12,7,23,14,1,2,1,1,7
1,5,9,13,0,1,1,1,0,7
0,4,24,11,4,3,1,2,13,7
0,6,3,16,0,1,1,1,0,7
1,2,5,21,1,2,1,1,14,7
1,11,26,5,2,1,3,1,14,7
0,10,6,13,15,2,1,1,1,1
1,6,17,12,4,2,3,1,13,7
0,12,20,16,15,1,3,1,1,7
0,5,29,21,5,1,1,1,14,7
0,8,22,16,3,1,1,1,7,1
1,5,24,16,1,1,3,1,13,7
0,12,16,8,11,1,2,1,1,7
0,11,20,7,18,1,3,1,1,7
0,2,8,8,2,1,2,1,7,1
1,11,17,18,15,1,2,1,1,7
0,12,12,7,5,3,2,2,14,7
0,10,28,18,15,1,1,1,1,1
1,2,5,6,18,2,2,1,1,1
0,10,22,5,1,1,1,1,14,7
1,4,13,10,3,1,3,1,13,7
1,1,23,17,14,1,2,1,1,7
1,12,4,21,5,1,2,1,14,7
1,3,21,19,19,1,1,1,1,1
0,4,4,12,5,2,1,1,14,7
0,12,22,17,3,1,1,1,14,7
1,7,23,23,18,1,1,2,1,1
0,6,7,18,5,1,1,1,14,7
0,5,14,22,3,1,2,1,7,7
0,8,21,16,2,1,1,1,7,7
0,11,15,17,1,2,2,1,14,7
1,12,14,11,5,1,1,1,13,7
1,3,12,17,6,1,3,2,14,7
1,8,24,14,5,1,2,1,7,1
1,8,12,10,2,1,3,1,14,7
0,6,22,12,5,1,1,1,14,7
1,11,8,17,3,1,3,1,7,7
1,8,1,11,15,1,3,1,1,7
1,12,16,17,3,3,1,2,7,7
0,12,17,13,4,1,2,1,14,7
1,9,17,17,14,1,1,1,1,7
1,3,28,5,5,1,2,1,14,7
1,5,30,3,18,1,1,1,1,1
1,7,26,8,3,1,2,1,14,7
1,3,29,14,14,1,2,1,1,7
1,11,22,7,3,1,2,1,14,7
1,7,24,8,15,1,1,1,1,1
1,10,14,16,6,1,3,1,12,7
1,9,7,21,14,1,3,1,1,7
1,4,17,0,0,3,2,2,0,7
1,10,25,17,14,2,2,1,1,7
1,11,28,3,3,1,2,1,14,7
1,10,30,19,1,1,3,1,13,7
0,2,5,13,2,2,1,1,14,7
0,9,5,8,14,1,1,1,1,7
1,12,15,9,3,1,3,1,7,7
0,11,19,8,3,1,2,1,13,7
1,5,30,18,3,1,3,1,14,7
1,12,31,5,3,1,2,1,14,7
0,1,17,16,14,1,3,1,1,2
1,12,12,2,15,1,2,1,1,1
1,7,11,18,15,2,2,1,1,7
0,11,24,8,2,1,2,1,14,7
0,2,6,8,15,1,1,1,1,7
1,10,15,17,11,1,2,1,1,7
1,8,6,18,3,1,2,1,13,7
1,2,8,12,3,2,2,1,7,7
1,7,15,8,4,1,3,1,14,7
0,1,15,11,4,1,1,1,14,7
0,1,7,10,2,1,1,1,13,7
1,12,4,17,3,2,3,1,7,7
1,9,25,3,3,2,3,1,14,7
0,3,2,19,3,5,1,3,14,7
0,2,1,6,15,1,2,1,1,1
0,6,26,11,3,1,1,1,14,7
1,1,1,18,6,1,2,1,7,7
0,6,14,17,2,1,1,1,7,7
1,6,2,12,5,1,3,1,14,7
1,6,20,13,0,1,1,1,0,7
0,10,23,21,5,3,1,2,7,7
0,1,26,12,15,2,2,1,1,1
0,11,12,19,2,1,3,1,14,7
0,9,7,8,19,1,1,1,1,1
0,9,12,8,15,1,1,1,1,7
0,11,13,15,14,1,1,1,1,8
1,7,10,6,14,2,2,1,1,7
0,6,23,3,5,2,1,1,14,7
0,10,21,12,6,1,1,1,13,1
0,1,12,18,11,1,1,1,1,7
0,1,11,9,2,1,1,1,14,7
1,12,6,6,14,1,3,1,1,2
0,10,23,17,14,1,3,1,1,7
1,10,30,2,18,3,1,2,1,1
0,5,8,8,15,1,1,1,1,7
0,11,13,10,4,1,2,1,14,7
1,12,17,21,5,1,2,1,14,7
0,10,12,6,18,1,2,1,1,1
1,7,11,1,18,1,1,1,1,1
1,11,29,17,14,1,1,1,1,7
1,12,10,22,3,1,3,1,7,7
1,6,15,15,3,1,3,1,13,7
0,6,14,20,4,1,1,1,14,7
1,2,8,7,5,1,3,1,12,7
0,12,12,17,3,1,3,1,14,7
1,11,8,13,3,1,3,1,14,7
1,4,13,13,3,1,3,1,13,7
1,2,4,12,3,1,3,1,14,7
1,2,13,14,3,2,3,1,13,7
1,6,2,20,4,1,1,1,7,2
1,1,26,22,3,2,3,2,13,7
1,3,7,17,15,1,1,1,1,1
0,1,20,9,11,3,2,2,1,7
0,5,9,9,14,1,1,1,1,7
1,8,15,10,6,1,1,1,14,7
0,4,30,10,2,2,1,1,13,7
1,5,11,11,19,1,1,1,1,1
0,8,20,7,14,1,2,1,1,7
0,4,19,10,0,1,3,1,0,7
1,3,23,17,14,2,2,1,1,7
1,11,22,6,14,1,2,1,1,7
0,11,16,13,15,2,1,1,31,7
1,11,23,5,14,3,2,1,1,3
1,7,14,7,3,1,3,1,14,7
0,1,26,19,5,1,1,1,7,7
1,2,19,23,14,3,1,2,1,7
0,2,19,18,11,1,3,1,1,7
1,1,22,15,15,2,1,1,1,1
1,1,13,18,14,2,2,1,1,7
1,1,11,5,14,1,1,1,1,7
1,2,15,5,15,1,2,1,1,1
1,6,20,8,0,3,3,2,0,7
1,2,13,5,15,1,1,1,1,1
0,4,25,13,19,1,1,1,1,8
0,7,8,10,15,1,3,1,1,7
0,1,17,22,3,1,2,1,14,7
1,8,3,23,3,1,1,1,7,1
0,12,16,21,3,1,1,1,14,7
1,5,17,7,14,1,3,1,1,7
1,6,1,22,3,1,3,1,13,7
0,11,7,13,17,1,1,1,1,1
1,3,16,0,18,2,1,2,1,7
1,1,23,8,3,5,2,4,7,7
0,9,7,13,11,1,2,1,1,7
1,11,29,6,14,1,3,1,1,7
0,3,13,17,3,1,2,1,14,7
0,5,13,9,5,3,2,2,7,1
0,12,2,7,5,1,1,1,14,7
1,4,7,1,19,1,1,1,1,1
1,2,20,6,4,2,3,1,14,7
1,9,20,1,3,1,1,1,7,7
1,12,10,7,3,1,1,1,7,7
0,1,21,8,15,2,1,1,1,1
0,3,16,3,3,1,3,1,14,7
1,1,8,14,3,2,3,1,13,7
0,12,12,17,17,1,1,1,1,7
0,12,16,19,15,5,2,4,1,7
1,1,11,13,3,1,3,1,14,7
0,3,4,16,14,1,3,1,1,7
0,7,20,21,18,1,1,1,1,7
0,11,3,16,3,2,1,1,7,7
0,11,7,15,11,1,3,1,1,7
1,2,4,15,11,2,1,1,1,7
0,6,17,19,5,2,2,1,14,7
1,11,21,17,18,1,2,1,1,1
0,10,10,11,0,1,2,1,0,7
0,7,6,12,4,1,1,1,14,7
1,6,24,20,3,2,1,1,14,7
1,4,25,18,0,1,2,1,0,7
1,5,2,19,15,1,1,1,1,1
0,8,3,21,3,1,1,1,14,7
0,8,25,18,18,2,2,1,1,2
1,4,2,21,4,1,2,1,14,7
0,7,31,6,14,1,1,1,1,7
1,12,15,15,3,2,3,1,14,7
0,8,5,7,3,1,3,1,13,7
0,11,22,18,11,1,3,1,1,7
0,1,19,6,4,3,1,2,14,7
1,12,18,16,15,2,1,4,1,7
1,4,23,9,15,2,1,1,1,1
0,1,23,16,3,1,1,1,7,7
0,9,21,22,5,3,1,2,14,7
0,11,12,13,3,1,1,1,14,7
1,9,11,9,4,1,1,1,14,7
0,5,3,11,15,1,1,1,1,7
0,5,2,17,5,1,2,1,7,1
1,7,26,3,1,2,2,1,14,7
0,4,29,0,2,1,1,1,14,7
1,1,8,4,4,1,1,1,7,7
1,9,15,3,11,1,3,1,1,7
0,12,16,8,3,1,2,1,14,7
0,11,5,16,4,1,3,1,14,7
1,7,21,11,1,1,3,1,21,7
0,4,12,11,4,1,1,1,7,7
0,7,17,8,3,1,3,1,14,7
1,6,25,9,14,2,1,1,1,1
1,1,5,0,17,1,1,1,1,1
1,10,23,5,11,2,2,1,1,2
1,9,14,21,3,1,3,1,13,7
1,1,4,17,3,1,2,1,14,7
0,4,1,8,15,1,3,1,1,7
1,1,11,22,3,1,3,1,14,7
0,11,12,16,2,3,1,2,7,1
1,12,29,19,1,1,1,1,21,7
1,10,10,18,15,1,3,1,1,7
1,11,12,5,5,1,1,1,7,1
0,9,17,15,15,1,1,1,1,1
1,3,22,14,3,1,2,1,14,7
0,10,30,11,2,1,1,1,14,7
1,11,8,21,3,1,3,1,14,7
0,12,31,8,15,3,3,2,1,7
0,3,15,11,14,1,1,1,1,1
1,5,29,12,3,1,1,1,13,7
1,6,6,9,3,1,1,1,7,7
0,4,10,15,4,1,1,1,7,1
0,11,1,17,1,3,1,2,14,7
1,5,25,8,3,1,3,1,13,7
0,11,5,9,15,1,2,1,1,1
1,2,5,5,4,3,1,2,7,7
0,2,12,14,14,1,1,1,1,7
0,2,19,13,19,3,1,1,1,1
0,2,4,19,15,2,1,1,1,7
1,4,5,19,3,2,2,1,14,7
1,12,17,4,4,1,3,1,14,7
1,9,26,16,18,1,2,1,1,1
0,12,10,7,11,1,2,1,1,7
0,3,2,7,14,1,1,1,1,1
0,3,17,10,5,2,2,1,14,7
0,7,5,14,3,1,1,1,14,7
1,11,28,17,4,1,3,1,12,7
1,6,29,15,4,1,1,1,7,7
1,10,15,10,3,2,3,1,14,7
1,4,10,16,2,1,3,1,14,7
0,4,14,15,5,1,1,1,14,7
1,2,20,6,3,2,1,1,7,7
1,3,9,3,6,1,2,1,7,7
1,9,6,7,5,1,1,1,13,7
0,6,25,20,3,2,2,1,7,1
0,11,11,7,3,2,1,1,14,7
0,7,9,7,18,1,1,1,1,7
0,1,20,13,0,3,3,1,0,7
1,7,12,8,3,3,2,2,14,7
0,9,17,7,15,2,3,1,1,7
0,9,21,17,5,2,1,1,14,7
1,9,9,15,0,1,3,1,0,7
0,8,25,14,3,1,1,1,7,1
1,9,8,15,3,1,3,1,13,7
1,3,4,3,15,2,2,1,1,1
1,11,14,13,15,1,3,1,1,7
1,2,17,0,5,1,1,1,13,7
0,8,21,23,11,1,1,1,1,7
0,12,24,15,3,1,1,1,7,7
0,4,27,5,3,2,1,1,7,8
1,12,10,7,15,1,1,1,1,1
0,11,16,18,3,2,2,1,12,7
0,3,11,9,14,1,1,1,1,7
1,10,20,21,6,1,2,1,14,7
1,1,10,1,5,1,1,1,7,1
0,8,19,18,18,3,3,2,1,1
0,1,27,21,15,1,2,1,1,1
0,8,18,15,3,1,3,1,7,7
0,8,27,10,3,1,3,1,14,1
0,5,31,22,14,2,1,1,1,1
0,7,20,20,5,2,1,2,14,7
1,5,8,19,15,3,1,2,1,7
1,5,27,23,19,3,1,2,1,1
1,10,18,14,2,1,3,1,13,7
0,10,2,18,14,1,2,1,1,7
0,12,3,17,3,1,1,1,14,7
1,8,25,18,5,1,3,1,14,7
1,8,20,8,1,1,3,1,7,7
1,11,20,16,14,3,1,2,1,7
0,1,31,5,14,1,1,1,1,2
0,1,9,17,3,1,3,1,12,7
1,5,22,17,14,1,1,1,1,7
0,9,17,7,5,1,1,1,7,1
0,6,16,11,18,1,1,1,1,1
0,3,18,8,18,1,1,1,1,1
0,6,22,19,5,1,3,1,7,1
0,9,22,8,14,3,2,2,1,7
1,2,24,5,4,1,2,3,12,7
0,12,1,15,0,1,2,1,0,7
1,1,8,6,3,1,3,1,13,7
1,10,16,18,11,1,3,1,1,7
1,7,20,13,4,1,1,1,14,7
1,2,9,6,11,1,1,1,1,7
0,10,8,16,11,3,1,1,1,7
1,12,18,6,4,2,3,1,14,7
0,6,13,13,4,1,1,1,14,7
1,9,27,7,18,2,1,1,1,1
0,12,9,8,3,1,1,1,14,7
0,10,4,21,6,2,1,2,14,7
0,12,16,14,15,3,1,2,1,7
1,6,14,16,18,1,1,1,1,1
1,11,16,4,5,1,3,1,14,7
0,10,24,18,15,1,3,1,1,1
0,6,15,21,2,2,3,1,12,7
0,4,30,11,11,3,2,2,1,7
1,6,6,18,3,2,1,1,7,1
0,2,6,19,3,1,2,1,14,7
0,11,3,0,19,2,1,1,1,1
0,7,31,6,14,1,2,1,1,7
0,12,1,17,15,1,1,1,1,1
1,10,15,11,14,1,1,1,1,7
1,4,17,3,4,3,3,2,14,7
1,11,7,13,3,1,3,1,14,7
0,10,30,5,15,3,2,2,1,7
0,5,1,22,11,3,1,1,1,7
1,6,6,19,14,1,1,1,1,7
0,3,20,3,4,3,3,2,14,7
0,4,22,19,14,1,1,1,1,7
1,10,19,8,0,1,1,1,0,7
1,10,21,6,3,1,3,1,14,7
0,2,26,17,14,1,1,1,1,7
1,7,17,8,2,2,3,1,13,7
1,1,24,19,3,5,1,2,14,7
0,3,29,17,1,1,1,1,11,7
0,10,17,20,17,1,1,1,1,1
0,7,12,17,0,3,1,2,0,7
0,5,8,11,3,2,3,1,14,7
1,5,22,10,3,1,3,1,14,7
1,5,30,20,17,2,1,1,1,1
0,4,10,12,15,1,3,1,1,7
0,4,18,13,1,2,2,1,14,7
1,1,2,2,3,1,1,1,12,7
1,5,28,8,3,2,3,1,13,7
0,3,28,8,3,2,1,1,14,7
0,5,5,9,19,1,3,1,1,1
1,1,18,20,11,2,2,1,1,7
0,12,23,16,11,1,1,1,1,7
1,10,1,18,3,2,2,1,7,7
0,12,18,16,18,1,3,1,1,1
1,12,17,10,0,2,3,1,0,7
1,9,7,17,3,1,3,1,13,7
0,7,11,5,18,3,1,2,1,8
1,9,20,19,17,1,3,1,1,7
1,3,16,19,2,1,2,1,7,7
1,11,26,16,3,3,1,2,14,7
1,3,21,16,3,1,2,1,14,7
1,3,12,1,2,2,3,1,14,7
0,1,7,14,5,2,1,4,7,1
1,1,3,21,3,2,1,2,14,7
0,4,9,11,0,3,1,1,0,7
0,7,29,8,1,1,1,1,14,7
0,7,1,11,2,3,1,2,14,7
0,9,3,15,14,3,3,2,1,7
0,1,13,11,11,2,1,4,1,7
1,7,31,8,15,1,2,1,1,1
1,5,2,15,14,1,2,1,1,1
0,9,11,17,3,1,3,1,14,7
1,12,30,23,1,3,3,2,14,7
1,3,9,9,2,1,3,1,13,7
0,3,16,21,15,1,1,1,1,7
0,6,14,16,3,1,3,1,7,1
0,8,8,7,3,1,3,1,12,7
0,2,18,6,15,1,1,1,1,1
1,7,26,20,19,1,1,1,1,1
1,1,17,17,3,1,3,4,14,7
0,1,10,12,4,3,2,2,7,1
1,4,10,5,18,1,1,1,1,1
1,11,4,12,3,1,3,1,13,7
0,2,17,10,4,2,3,1,13,7
1,4,2,18,15,2,1,1,1,1
1,1,15,9,18,1,1,1,1,1
0,7,23,16,15,1,1,1,1,1
0,4,8,16,4,3,3,2,7,7
0,9,2,19,11,1,2,1,1,1
1,11,13,2,11,2,3,2,1,7
0,5,15,11,3,1,1,1,14,7
0,3,24,10,14,2,1,1,1,2
1,12,10,14,3,1,3,1,13,7
1,10,11,18,15,1,1,1,1,7
1,11,8,17,15,1,3,1,1,7
1,11,23,17,2,1,3,1,7,7
1,9,13,14,2,2,3,5,14,7
0,6,30,8,3,2,2,1,7,1
0,11,24,14,5,1,3,1,14,7
1,11,6,13,14,1,3,1,1,7
0,8,28,13,18,2,1,1,1,7
1,5,11,3,6,1,1,1,14,7
1,10,21,17,14,1,3,1,1,7
1,2,1,5,15,2,1,2,1,1
1,8,15,7,15,1,1,1,1,1
1,1,5,7,18,1,3,1,1,7
1,10,7,7,14,1,3,1,1,7
0,3,15,22,14,1,2,1,1,7
1,11,9,11,3,1,3,1,7,7
1,4,9,8,1,3,1,2,14,7
0,6,6,6,14,1,1,1,1,7
1,10,30,8,4,1,2,1,14,7
0,8,1,17,15,1,2,1,1,2
1,11,24,18,3,1,3,1,13,7
0,7,1,11,4,2,1,2,14,7
0,12,3,14,15,1,1,1,1,1
0,9,27,8,4,1,3,1,14,7
0,12,6,18,15,2,1,1,1,7
1,2,25,9,15,2,2,1,1,1
0,5,12,10,11,3,2,2,1,7
0,1,31,10,19,1,2,1,1,1
1,5,12,2,18,1,2,1,1,1
0,12,19,7,11,1,2,1,1,7
0,2,5,12,3,3,1,2,14,7
1,2,4,19,14,2,2,1,1,7
1,11,7,14,2,1,3,1,14,7
1,12,3,12,3,1,1,1,21,7
1,10,3,0,5,2,1,1,14,7
0,1,15,15,6,1,2,1,14,7
0,12,27,10,18,1,1,3,1,1
1,1,26,20,19,1,1,1,1,1
0,5,20,12,15,2,2,1,1,7
0,10,18,8,3,1,3,1,14,7
1,7,21,13,3,1,3,1,13,7
0,7,9,15,3,1,1,1,14,7
0,2,4,11,3,2,1,1,7,1
1,7,20,15,15,1,1,1,1,1
1,4,4,7,3,2,3,1,14,7
1,8,15,8,2,1,2,1,14,7
0,7,22,8,5,1,1,1,7,1
0,6,18,15,1,1,3,1,14,7
1,5,7,8,4,3,3,2,13,7
1,2,5,2,5,2,1,1,14,7
0,5,13,6,3,2,2,2,13,7
0,8,28,7,3,3,3,2,14,7
0,9,17,13,15,1,2,1,1,1
1,10,8,19,4,3,1,2,7,7
0,7,22,21,5,1,1,1,7,1
1,5,26,19,18,1,2,1,1,1
1,7,6,10,6,1,1,1,14,7
1,7,7,23,15,1,1,1,1,1
0,12,5,8,0,1,3,1,0,7
1,9,23,14,3,1,3,1,11,7
1,11,24,18,3,1,1,1,7,7
1,1,6,17,6,2,1,1,14,1
1,7,5,23,2,1,3,1,14,7
1,8,7,10,18,1,3,1,1,7
0,7,20,16,2,1,1,1,7,7
1,7,24,9,15,1,3,1,1,1
0,3,4,11,4,1,3,1,14,7
0,7,1,20,2,3,3,2,14,7
1,6,1,16,15,1,1,1,1,1
0,8,2,16,5,1,1,1,14,7
1,8,18,11,11,1,2,1,1,7
0,5,16,7,14,3,1,2,1,7
0,12,17,14,14,1,2,1,1,1
1,3,31,7,3,1,3,1,14,7
0,6,3,11,3,1,1,1,14,7
0,11,25,15,3,1,2,1,14,7
1,2,12,8,5,1,1,1,14,7
0,4,2,22,18,1,2,1,1,7
0,8,9,16,3,1,3,1,7,7
1,11,19,21,15,1,1,1,1,1
0,8,15,11,14,1,1,1,1,7
1,11,11,18,15,1,2,1,1,7
0,4,3,10,6,3,1,2,7,1
0,12,17,16,11,1,3,1,1,7
1,5,29,15,3,1,3,1,14,7
0,1,30,8,15,1,1,1,1,7
1,8,1,14,5,1,1,1,7,1
0,6,2,15,19,3,2,2,1,1
1,8,2,11,15,1,1,1,1,1
1,11,12,15,15,1,3,1,1,3
1,9,5,10,15,1,3,1,1,7
0,6,26,5,3,2,2,1,14,7
1,2,4,5,5,3,1,2,14,7
1,5,13,15,15,3,2,2,1,7
0,3,20,8,3,3,3,2,7,7
1,2,8,6,3,1,2,1,7,7
1,3,12,0,5,3,1,2,7,7
1,2,4,10,4,1,3,1,12,7
1,4,26,19,3,2,1,1,21,7
1,1,17,17,0,1,1,1,0,7
0,3,17,13,2,1,1,1,7,1
1,11,20,8,3,2,3,1,7,1
0,5,9,9,3,2,2,1,7,1
1,9,23,8,15,1,3,2,1,7
0,11,24,3,6,1,2,1,7,1
0,9,9,14,5,1,2,1,12,7
0,1,17,19,3,1,1,1,14,7
1,6,14,19,2,1,1,1,14,7
1,12,6,18,5,1,2,1,14,7
1,11,16,17,3,3,2,2,14,7
0,1,6,10,0,1,2,1,0,7
1,11,27,13,3,3,3,2,13,7
1,11,22,14,3,2,3,1,14,7
1,3,9,0,14,1,2,1,1,1
1,12,8,21,0,1,2,1,0,7
1,5,10,10,2,1,3,1,14,7
0,8,20,14,3,1,1,1,14,7
1,11,13,18,19,1,1,1,1,1
1,10,29,9,15,1,1,1,1,7
1,9,7,16,3,1,1,1,14,7
0,2,3,17,5,3,2,2,14,7
1,8,12,5,4,1,1,1,11,7
1,3,17,8,1,2,3,5,14,7
0,7,3,10,6,1,1,1,14,7
1,3,16,6,5,1,1,1,14,7
1,5,22,9,5,1,3,1,14,7
0,12,16,18,19,1,1,1,1,1
1,7,26,19,3,1,3,1,14,7
1,11,29,1,19,2,1,1,1,1
0,10,31,9,18,2,2,1,1,7
1,4,9,14,4,3,3,2,13,7
0,12,6,17,3,1,2,1,14,7
0,11,16,17,3,3,1,2,14,7
0,8,27,0,15,1,1,1,1,1
1,1,7,17,4,1,3,1,13,7
0,5,21,14,15,1,3,1,1,7
0,10,18,8,18,1,1,1,1,7
1,7,11,2,3,3,3,2,14,7
0,12,29,22,19,1,1,1,1,1
1,11,7,22,1,1,1,1,21,7
1,10,26,15,0,2,1,1,0,7
0,3,13,18,2,1,2,1,14,7
1,4,10,23,4,1,1,1,7,7
1,6,3,15,11,1,1,1,1,7
1,3,6,14,11,1,1,1,1,7
0,5,1,17,3,3,2,2,14,7
1,10,31,10,3,2,3,1,14,7
0,12,24,13,19,1,1,1,1,1
0,3,29,16,5,2,1,1,7,1
1,12,15,21,3,1,2,1,14,7
0,2,22,7,2,1,1,2,14,7
1,12,4,15,15,1,1,1,1,1
0,2,21,13,3,3,3,2,14,7
1,2,15,11,3,1,1,1,14,7
0,2,2,15,5,1,1,1,7,1
1,8,22,13,17,1,1,1,1,2
1,9,16,6,4,2,2,1,14,7
1,9,30,13,3,1,2,1,14,7
1,4,17,12,4,1,2,1,7,1
0,2,16,13,2,2,3,1,14,7
0,5,1,1,17,2,1,1,1,7
1,5,29,13,5,1,1,1,14,7
0,6,7,21,18,1,1,1,1,1
1,12,23,19,4,3,1,2,14,7
1,1,19,6,14,1,1,1,1,7
0,9,27,14,4,2,3,1,14,7
0,4,17,7,1,1,3,1,14,7
0,8,26,22,3,3,1,2,7,7
1,1,4,15,1,2,3,1,14,7
0,3,21,18,3,1,1,1,14,7
1,4,4,7,15,1,2,2,1,1
0,8,6,21,19,1,2,1,1,1
1,8,1,3,3,1,1,1,13,7
0,3,6,20,11,2,3,2,1,7
1,5,20,11,2,3,1,2,13,7
1,12,12,13,14,1,3,1,1,1
0,10,4,7,15,3,3,2,1,7
0,11,22,19,4,1,2,1,14,7
0,3,30,17,3,1,3,1,14,7
0,4,7,19,0,1,1,1,0,7
0,10,14,7,15,1,1,1,1,7
0,6,25,8,3,2,3,1,14,7
0,6,28,22,3,2,1,1,14,7
0,8,13,15,5,1,2,1,14,7
0,8,2,21,19,1,1,1,1,1
0,10,7,16,4,3,3,2,14,7
0,6,12,10,5,1,1,1,7,7
1,2,18,15,2,1,3,1,13,7
1,2,6,10,14,2,1,1,1,7
1,11,18,17,5,3,3,2,14,7
0,8,11,12,3,1,2,1,14,7
1,6,10,16,14,1,2,1,1,7
0,10,28,15,11,1,3,1,1,7
0,11,15,17,4,2,2,1,14,7
1,6,2,17,11,1,2,1,1,7
0,9,27,8,3,1,3,1,14,7
1,11,4,17,19,3,2,2,1,7
0,1,30,7,11,1,2,1,1,7
0,12,14,19,2,1,3,1,14,7
0,1,23,19,15,1,2,1,1,7
0,12,23,15,11,1,2,1,1,7
0,8,20,13,11,1,2,1,1,7
1,12,26,2,5,1,1,1,12,7
0,5,11,18,11,1,1,1,1,7
0,9,15,4,18,3,1,2,1,1
1,12,11,5,3,1,1,1,14,7
1,2,28,5,18,1,3,1,1,7
0,6,22,14,17,2,1,1,1,7
1,10,27,4,4,1,2,1,14,7
1,10,25,17,15,1,3,1,1,7
1,2,9,5,15,1,3,1,1,1
0,3,18,15,15,1,1,1,1,1
0,11,26,5,6,3,2,2,7,2
0,8,2,19,17,1,1,1,1,7
0,1,31,20,18,2,1,2,1,1
0,3,27,20,18,1,1,1,1,1
0,5,15,12,11,1,1,1,1,1
0,12,20,21,11,1,1,1,1,7
1,11,26,16,3,2,2,1,14,7
1,9,23,4,5,1,3,1,14,7
0,9,17,13,3,1,1,1,7,1
0,1,10,7,3,3,1,2,14,7
1,1,2,19,3,1,1,1,7,7
1,5,3,5,4,1,3,1,13,7
1,2,13,19,3,1,1,1,14,7
1,7,9,6,4,2,2,1,14,7
0,12,2,8,3,1,1,1,14,7
1,3,13,22,11,1,1,1,1,7
1,10,20,21,2,2,3,1,14,7
0,9,27,7,3,1,2,1,7,7
0,11,21,15,18,2,1,1,1,1
1,8,10,15,1,1,3,2,14,7
0,1,22,8,3,1,1,1,7,7
0,9,13,19,15,2,2,1,1,8
0,4,1,20,0,1,3,1,0,7
0,6,1,1,5,2,1,2,7,1
0,12,17,11,15,2,3,1,1,7
0,2,7,8,14,1,2,1,1,7
0,7,14,18,5,3,1,2,14,7
0,9,10,12,2,1,1,1,14,7
1,4,26,7,18,1,2,1,1,1
0,7,8,13,3,1,1,1,14,7
0,1,19,16,3,1,1,1,14,1
0,7,19,3,4,1,2,1,14,7
0,10,10,8,11,1,1,1,1,7
0,1,10,10,18,1,1,1,1,8
0,12,3,16,2,1,2,1,14,7
1,3,11,7,11,1,3,1,1,7
1,12,6,19,3,1,3,1,14,7
0,10,17,8,3,1,1,1,14,7
1,12,19,8,4,1,2,1,7,7
0,11,2,20,14,2,3,2,1,7
0,8,16,14,0,1,2,1,0,7
1,1,13,3,3,1,1,1,14,7
0,11,25,8,4,1,2,1,14,7
0,8,10,8,14,1,3,1,1,7
0,5,28,13,15,3,1,2,1,7
1,6,20,7,2,1,3,1,22,7
1,11,30,9,14,1,1,1,1,1
0,10,18,18,19,3,2,2,1,7
0,7,14,8,2,3,3,2,7,7
1,4,20,6,4,2,1,1,7,1
1,10,7,15,5,3,3,2,13,7
1,8,14,8,3,1,3,1,13,7
1,4,23,12,17,3,1,2,1,7
0,11,23,16,5,2,1,1,14,7
0,10,12,19,18,1,2,1,1,1
1,3,27,2,3,2,2,1,14,7
1,9,25,2,4,1,2,1,13,7
0,12,16,14,18,1,1,1,1,1
0,8,10,21,2,1,2,1,7,7
1,12,16,21,0,2,3,3,0,7
1,10,15,15,17,1,1,1,1,1
0,4,25,13,3,1,1,1,7,1
1,9,18,2,3,1,3,1,14,7
0,3,8,15,14,1,1,1,1,7
0,1,29,11,5,1,2,1,7,1
1,3,10,22,17,1,1,1,1,7
0,12,23,12,11,1,1,1,1,7
1,3,6,19,3,1,3,1,7,7
0,8,8,16,3,1,3,1,7,7
0,6,20,20,3,3,1,2,14,7
0,4,13,10,3,1,1,1,14,7
0,10,2,17,2,1,1,1,14,7
1,9,30,16,15,1,1,1,1,7
1,10,20,14,3,1,3,1,13,7
1,8,7,14,3,2,3,1,14,7
0,10,17,17,15,1,1,1,1,1
1,10,29,9,1,2,3,1,7,7
1,9,2,11,3,1,2,1,14,7
0,8,24,8,3,1,2,1,14,7
1,11,21,20,2,2,3,1,7,7
1,10,23,13,1,1,3,1,14,7
0,4,19,12,3,1,1,1,14,7
1,6,19,3,3,1,3,1,14,7
1,5,20,7,3,1,2,1,13,7
1,7,28,19,4,1,1,1,7,7
1,6,12,9,3,1,2,1,14,7
0,11,4,17,5,1,2,1,7,1
1,10,23,20,5,2,1,1,14,7
0,12,16,10,3,1,1,1,14,7
0,1,2,16,5,1,1,1,7,1
1,10,19,23,5,1,1,1,7,7
0,4,3,7,15,3,2,2,1,7
0,12,24,11,14,2,1,1,1,7
1,7,22,20,0,1,3,1,0,7
0,5,29,8,14,1,1,1,1,7
1,9,7,1,5,1,1,1,7,7
0,1,27,11,2,1,1,1,14,7
1,6,20,17,5,1,1,1,14,7
0,7,24,8,18,1,1,1,1,1
1,12,20,14,15,1,1,1,1,7
1,10,19,11,14,1,1,1,1,7
1,3,18,17,2,1,1,1,21,7
1,4,28,6,3,1,2,1,14,7
0,10,7,19,4,3,2,2,14,7
1,9,24,16,2,1,2,1,13,7
1,10,29,12,3,1,1,1,14,7
0,6,11,13,15,1,3,1,1,1
1,8,6,21,4,2,3,1,14,7
0,5,22,8,2,1,3,1,7,7
1,1,31,17,15,3,1,2,1,7
1,11,13,18,11,2,2,1,1,7
0,10,17,15,4,1,1,1,14,7
1,10,22,23,15,2,1,1,1,1
0,6,12,21,11,1,2,1,1,7
0,11,14,13,15,1,1,1,1,1
1,5,15,8,15,1,3,1,1,7
1,4,28,18,3,1,3,1,14,7
1,5,22,5,5,1,1,1,13,7
0,8,23,11,15,2,2,1,1,7
1,2,4,6,3,3,3,2,7,7
1,11,23,8,18,1,1,1,1,1
1,11,24,16,4,2,2,1,14,7
0,2,29,16,5,1,1,1,14,7
0,11,5,4,3,1,3,1,14,7
0,1,9,7,15,1,1,1,1,1
1,1,12,5,14,1,1,1,1,7
1,9,27,9,18,2,1,1,1,1
1,10,4,10,2,2,3,1,7,7
0,7,17,12,3,1,3,1,14,7
0,8,2,15,3,1,2,1,14,7
0,12,21,20,2,1,2,1,14,7
0,12,9,14,5,1,2,1,14,7
1,1,18,14,3,3,2,2,13,7
0,3,4,9,11,5,3,2,1,7
0,3,29,16,14,1,1,1,1,7
1,7,7,23,3,1,3,1,13,7
0,11,9,7,3,1,2,1,14,7
1,8,13,9,3,1,3,1,13,7
1,3,1,8,4,4,3,2,14,7
0,12,1,16,15,1,1,1,1,1
0,4,17,12,2,1,1,1,14,7
1,1,10,5,3,2,1,1,14,7
0,3,8,5,15,2,2,1,1,7
1,7,14,12,3,1,3,1,14,7
0,3,23,13,4,3,2,1,7,1
0,10,21,19,2,1,1,1,14,7
1,10,21,17,19,1,3,1,1,1
0,7,7,0,19,1,1,1,1,1
0,9,27,10,5,3,1,2,14,7
1,3,30,9,6,1,2,1,14,7
1,7,21,5,3,1,3,1,14,7
0,1,10,13,11,2,3,2,1,1
1,9,13,9,3,1,1,1,14,7
0,2,5,18,11,5,1,2,1,7
1,12,28,23,3,1,2,1,14,7
1,11,18,18,14,1,1,1,1,7
1,4,21,18,3,3,2,2,14,7
0,8,24,18,15,1,2,1,1,7
0,7,4,15,3,1,3,1,14,7
0,2,22,8,14,3,1,1,1,7
0,1,25,18,3,1,2,1,7,7
0,9,15,21,5,3,3,2,7,7
0,3,31,11,0,2,3,5,0,7
1,9,23,22,3,1,2,1,7,7
1,9,14,8,19,1,2,1,1,1
1,7,20,19,3,1,3,1,14,7
0,3,12,19,15,1,2,2,1,1
0,10,2,13,3,1,1,1,14,7
0,10,10,8,3,1,3,1,14,7
1,9,1,14,4,1,3,1,13,7
0,7,11,10,3,2,2,1,14,7
1,2,22,5,3,1,3,1,14,7
0,9,8,14,15,1,2,1,1,7
1,3,18,9,4,1,1,1,14,7
0,2,10,5,18,1,1,1,1,1
0,8,11,14,4,1,3,1,12,7
0,11,12,23,19,1,1,1,1,1
0,12,25,7,2,1,2,1,7,1
1,2,23,9,2,2,2,1,7,7
1,1,25,5,18,1,1,1,1,1
0,12,24,13,0,3,1,2,0,7
1,3,11,13,3,2,2,1,7,7
0,10,23,14,19,1,1,1,1,1
0,2,24,0,2,1,2,1,14,7
0,1,17,6,3,1,1,1,14,7
0,6,28,18,11,2,2,2,1,7
0,12,27,7,4,1,2,5,14,7
1,12,11,0,5,1,3,1,13,7
0,5,31,13,2,2,1,1,14,7
1,4,13,3,4,1,1,1,14,7
1,11,22,2,5,1,3,1,14,7
0,9,26,16,14,2,3,1,1,7
1,2,17,23,2,1,3,1,13,7
1,8,27,15,0,1,1,1,0,7
1,4,4,6,18,1,2,1,1,1
0,1,18,17,11,1,1,1,1,1
0,1,29,12,19,1,1,1,1,1
0,8,5,9,3,1,2,1,14,7
1,9,20,16,4,1,3,1,7,7
0,2,26,10,15,1,1,1,1,1
1,4,14,2,3,1,3,1,14,7
1,12,2,18,15,1,1,1,1,7
0,12,21,11,0,2,3,1,0,7
0,4,15,6,3,1,3,1,7,1
0,7,26,17,3,1,2,1,14,7
1,10,16,7,14,2,2,1,1,7
1,5,24,20,3,1,2,1,14,7
0,8,26,17,15,2,3,1,1,1
1,1,7,21,3,1,1,1,14,7
1,9,17,14,15,1,1,1,1,1
0,1,8,13,4,1,2,1,14,7
1,3,3,14,3,2,1,1,14,7
1,5,30,16,3,2,3,1,13,7
1,9,5,7,18,1,1,1,1,7
1,8,28,16,3,2,1,1,14,7
0,7,17,13,15,1,1,1,1,1
1,9,11,8,6,1,3,1,14,7
1,6,10,1,3,3,2,2,14,7
0,3,26,18,5,1,2,1,7,1
0,8,7,13,4,2,2,1,14,7
1,12,23,20,3,3,3,2,14,7
1,6,4,13,6,1,1,1,14,7
0,4,25,17,1,1,1,1,12,7
0,7,15,9,5,3,1,2,14,7
1,11,27,3,4,3,3,2,14,7
1,10,30,13,5,1,1,1,13,7
0,3,29,21,14,1,1,1,1,7
0,12,10,9,11,1,2,1,1,7
0,7,18,7,0,1,3,1,0,7
0,1,2,9,5,2,1,3,7,1
0,1,30,14,3,1,3,1,13,7
1,5,29,20,3,2,3,1,14,7
1,10,9,5,4,3,1,2,12,7
0,2,6,7,6,3,2,2,7,1
1,1,2,14,3,1,3,1,14,7
0,2,9,7,15,1,2,1,1,7
0,12,5,20,3,1,1,1,14,7
0,12,25,14,4,1,3,1,14,7
0,10,9,13,15,2,1,1,1,7
1,5,19,16,3,1,3,1,12,7
0,8,17,14,1,1,1,1,13,7
1,12,6,7,3,1,2,1,7,7
1,7,24,1,3,1,3,1,14,7
1,4,2,1,5,1,3,1,14,7
0,3,14,15,18,1,1,1,1,7
1,10,28,16,1,2,3,1,14,7
0,3,14,6,17,1,1,1,1,1
1,5,14,13,3,1,3,1,13,7
0,1,20,20,15,1,1,1,1,7
0,5,13,7,14,3,1,2,1,7
1,12,6,20,4,1,3,2,13,7
0,3,1,11,4,3,2,2,7,1
1,7,30,13,0,1,3,1,0,7
0,4,16,8,19,1,1,1,1,1
1,7,4,2,3,2,3,2,14,7
0,10,12,11,15,1,3,1,1,1
1,12,3,14,3,1,3,1,14,7
0,11,23,16,2,1,3,1,14,7
1,11,7,2,14,1,3,1,1,2
0,10,16,10,11,2,1,1,1,1
0,11,22,13,14,1,3,1,1,7
1,3,30,18,3,1,1,1,14,7
0,10,17,14,17,1,1,1,1,7
1,9,2,10,15,1,1,1,1,1
0,10,8,8,3,3,1,2,14,7
1,9,18,18,3,1,2,1,7,7
0,12,6,22,19,1,1,1,1,1
1,1,29,5,3,1,1,1,13,7
1,6,13,17,14,1,2,1,1,7
1,10,8,4,2,2,1,1,7,7
0,8,29,20,0,3,3,2,0,7
1,2,15,15,4,1,2,1,7,7
1,3,9,4,3,2,3,1,13,7
0,6,4,7,15,1,1,1,1,7
1,6,24,20,2,2,2,1,7,7
1,10,20,9,4,1,3,1,14,7
0,12,13,11,4,1,2,1,14,7
0,11,18,4,18,1,1,1,1,1
1,10,7,5,3,3,3,2,14,7
0,1,28,12,0,2,3,1,0,7
0,8,31,7,14,3,1,2,1,7
1,9,12,13,14,1,1,1,1,7
1,8,4,17,3,1,3,1,13,7
0,6,8,14,11,1,1,1,1,7
1,8,22,8,3,1,2,1,13,7
0,7,15,12,3,1,2,1,7,1
1,9,19,18,15,1,1,1,1,7
1,7,3,15,6,2,1,1,13,7
1,5,28,19,3,3,2,2,14,7
1,7,12,13,3,1,2,1,14,7
0,1,12,17,3,1,1,1,14,7
0,9,30,15,14,1,1,1,1,7
0,6,6,8,18,1,1,1,1,1
1,1,30,0,18,1,1,1,1,1
0,1,29,14,4,1,3,1,14,7
1,4,23,21,19,1,1,1,1,1
0,5,18,7,14,1,1,1,1,7
1,6,28,3,3,2,3,1,14,7
0,9,18,12,4,1,3,1,7,1
1,1,9,10,3,1,3,1,13,7
1,1,7,9,2,1,2,1,7,7
0,11,7,13,14,1,2,1,1,7
0,6,1,12,3,1,1,1,7,1
0,2,17,15,15,2,1,1,1,7
0,3,19,0,19,1,1,1,1,8
0,12,26,16,0,1,1,1,0,7
0,3,9,18,4,2,1,1,14,7
1,12,30,14,14,1,1,1,1,7
1,10,10,21,14,1,1,1,1,7
0,7,1,6,3,3,3,2,14,7
0,10,16,14,6,1,1,1,7,7
1,3,10,12,3,1,1,1,14,7
0,7,28,9,4,1,3,1,11,7
0,10,25,6,14,1,1,1,1,1
0,4,22,10,14,1,1,1,1,7
0,4,18,7,3,1,3,1,7,1
0,4,27,9,3,1,3,1,12,7
1,5,5,14,3,1,3,1,13,7
0,6,29,13,3,2,1,2,14,7
0,11,27,16,3,1,2,1,14,7
0,1,9,10,18,1,1,1,1,1
1,2,12,5,3,2,1,2,14,7
1,4,21,19,4,1,1,1,14,7
1,8,16,9,3,1,3,1,13,7
1,1,21,3,3,3,1,2,7,1
0,2,17,11,15,1,1,1,1,1
1,3,12,10,3,1,3,1,14,7
0,8,31,20,3,3,2,2,14,7
1,9,23,23,15,1,1,1,1,1
1,8,15,13,14,1,3,1,1,7
1,6,22,1,2,1,1,1,14,7
1,8,8,7,14,1,2,1,1,7
1,11,25,17,3,1,2,1,14,7
0,4,10,16,0,1,2,1,0,7
0,1,24,13,3,2,2,1,14,7
1,7,28,7,5,1,1,1,7,7
1,11,12,9,15,1,3,1,1,2
0,1,27,17,2,2,3,4,14,7
0,6,21,15,5,1,3,1,14,7
0,1,4,10,4,1,1,1,7,1
1,1,1,0,3,1,1,1,7,7
0,4,21,16,3,3,1,2,14,7
0,9,12,17,4,1,1,1,7,1
1,3,12,18,3,2,1,2,7,7
1,11,10,18,6,1,2,1,14,7
1,5,18,1,3,1,3,1,13,7
0,4,22,16,3,1,2,1,7,1
0,10,29,17,3,1,1,2,7,2
1,10,24,21,3,1,1,1,7,7
1,11,20,2,6,1,3,1,13,7
1,7,22,6,4,1,3,1,13,7
1,12,4,10,15,2,3,1,1,1
1,2,2,1,14,1,3,1,1,7
1,12,17,21,3,2,2,2,14,7
1,3,11,18,2,1,3,1,13,7
0,8,6,14,3,1,1,1,14,7
0,11,28,13,6,1,2,1,14,7
1,10,5,3,6,2,1,1,14,1
1,7,14,2,4,2,1,1,14,7
1,8,27,11,5,2,3,1,14,7
0,1,26,7,2,1,3,1,13,7
0,8,22,11,3,3,1,2,14,7
1,6,25,1,5,1,1,1,14,7
1,11,4,13,11,1,1,1,1,7
1,1,14,17,3,1,3,2,14,7
1,12,20,6,14,2,3,3,1,7
0,8,21,15,15,1,2,1,1,4
0,9,12,7,15,1,1,1,1,7
1,12,29,13,3,1,1,1,7,7
1,5,11,9,3,1,3,1,13,7
0,10,31,5,5,1,2,1,7,7
1,12,21,13,5,1,3,1,11,7
0,2,26,11,1,1,1,1,7,7
1,12,13,17,15,2,2,1,1,7
0,3,11,12,3,1,1,1,7,7
1,5,17,14,11,1,1,1,1,7
1,2,5,6,17,3,3,2,1,3
0,3,29,17,5,1,3,1,14,7
0,2,7,17,19,1,1,1,1,2
1,9,9,11,2,1,3,1,7,7
1,3,5,10,14,3,2,2,1,7
1,5,24,13,19,1,1,1,1,1
1,10,3,0,18,1,1,1,1,1
1,12,27,20,19,1,1,1,1,1
0,12,4,15,0,1,3,1,0,7
1,1,10,12,3,3,2,2,14,7
1,10,6,13,3,1,3,1,14,7
0,4,10,8,14,1,2,1,1,7
0,11,6,11,3,1,1,1,14,7
0,4,11,7,3,1,2,1,7,7
1,1,23,22,5,1,3,3,14,7
0,1,12,9,11,1,1,1,1,7
1,3,8,5,5,5,2,2,7,7
0,11,24,17,3,1,3,1,14,7
0,4,25,11,2,1,1,1,14,7
0,8,6,10,5,1,1,2,14,7
0,11,8,6,15,1,1,1,1,7
1,10,25,13,14,2,2,1,1,7
1,7,30,17,18,1,3,1,1,1
0,5,22,11,2,1,2,1,7,7
0,6,10,15,3,1,1,1,14,7
1,11,7,9,15,1,1,1,1,1
1,9,15,20,3,2,2,1,14,7
1,4,4,18,3,2,2,1,14,7
0,10,21,15,14,1,1,1,1,7
0,12,22,7,15,1,2,1,1,7
1,9,15,0,19,1,1,1,1,7
0,12,3,14,11,1,1,1,1,7
0,11,11,21,15,1,1,1,1,7
1,8,9,19,3,1,1,1,7,7
1,3,9,4,2,1,2,1,13,7
0,3,31,10,4,2,1,1,14,7
0,1,9,9,4,1,1,1,14,1
0,6,19,21,5,1,2,1,7,1
0,2,3,18,6,1,1,1,14,7
0,12,19,18,3,1,2,1,14,7
0,11,27,20,3,1,1,1,14,7
1,10,4,12,5,2,1,1,7,1
1,4,16,18,14,2,2,1,1,7
0,1,19,2,3,1,2,1,7,1
0,8,13,15,11,1,2,1,1,7
1,3,9,15,14,1,1,1,1,1
0,4,30,17,17,3,1,2,1,1
0,7,25,4,3,2,3,2,13,7
0,3,3,21,15,1,1,1,1,1
0,11,15,12,3,2,2,1,14,7
1,5,13,3,3,3,3,5,13,7
0,7,23,8,11,1,1,1,1,7
0,3,7,18,15,2,1,1,1,7
1,6,11,16,3,1,1,1,7,7
0,5,14,11,11,1,3,1,1,7
0,4,12,23,0,1,2,1,0,7
0,9,17,12,4,1,1,1,14,7
0,3,6,14,18,2,1,1,1,1
1,4,29,6,3,1,3,1,7,7
1,8,3,7,14,1,3,1,1,7
1,4,26,5,19,1,1,1,1,1
1,2,7,9,3,1,3,1,13,7
1,10,9,12,14,2,2,1,1,7
0,4,12,8,3,1,2,1,14,7
0,4,22,8,3,2,3,1,13,7
0,5,29,10,15,1,1,1,1,7
0,12,3,8,15,1,1,1,1,1
0,12,16,7,3,1,3,1,14,7
0,10,11,15,3,1,2,1,14,7
1,12,11,16,15,2,2,1,1,1
1,2,9,13,3,1,3,1,14,7
1,3,3,15,3,1,1,1,14,7
1,9,17,17,14,1,1,1,1,7
0,2,26,17,3,2,2,1,7,8
1,6,19,13,0,1,2,1,0,7
1,12,18,8,15,1,3,1,1,7
0,7,9,20,14,1,1,1,1,7
1,8,8,17,4,1,1,1,14,7
1,7,6,18,3,1,1,1,13,7
0,2,6,9,15,1,2,1,1,1
0,6,12,10,5,1,3,1,7,7
0,9,9,7,6,1,1,1,14,1
1,2,8,11,3,2,3,2,13,7
0,10,28,16,3,1,1,1,14,7
0,1,24,7,15,5,3,4,1,7
1,7,21,10,3,1,3,1,13,7
1,8,3,8,1,1,2,1,14,7
1,12,7,0,2,1,1,1,14,7
0,2,10,13,14,1,3,1,1,7
1,8,19,23,3,1,3,1,14,7
1,10,1,14,17,1,3,1,1,7
0,2,4,13,19,1,1,1,1,1
0,12,4,18,5,1,2,1,7,1
1,8,27,10,3,2,3,2,13,7
0,10,15,11,14,1,2,1,1,7
0,10,25,13,3,1,1,1,7,8
1,3,10,19,2,1,2,1,14,7
0,6,1,15,5,1,3,1,14,7
1,1,19,11,5,1,3,1,14,7
0,9,10,11,4,2,1,1,14,7
0,2,3,9,5,2,1,1,7,1
0,3,22,19,15,1,1,1,1,1
0,6,8,13,11,1,1,1,1,7
1,9,27,3,1,1,3,1,14,7
0,5,18,22,3,2,2,1,7,3
1,6,4,14,14,1,1,1,1,1
1,11,8,5,19,1,2,1,1,1
0,9,10,22,3,1,1,1,14,7
1,1,9,16,4,2,1,1,14,7
1,12,23,1,3,1,3,1,14,7
0,10,18,18,2,1,2,2,14,7
1,10,22,5,5,3,3,2,14,7
0,11,25,9,14,1,2,1,1,7
0,1,22,10,14,1,2,1,1,7
1,5,26,11,3,1,3,1,13,7
1,3,16,17,15,1,3,1,1,7
0,3,12,18,4,3,1,2,7,7
0,5,31,18,14,1,2,1,1,7
1,6,30,16,1,3,3,2,7,7
0,5,26,10,3,1,1,1,14,7
0,1,16,21,3,5,2,3,7,7
1,10,30,14,14,2,3,1,1,7
1,7,31,7,4,1,2,1,13,7
0,8,9,7,3,1,2,1,14,7
0,8,17,14,4,1,1,1,14,7
0,1,19,16,3,1,2,1,14,7
0,10,31,18,15,1,1,1,1,7
0,1,30,12,15,1,2,1,1,1
0,6,10,7,18,2,1,1,1,7
1,5,26,9,3,1,3,1,13,7
0,2,16,7,2,1,1,3,7,7
1,11,28,1,3,3,2,2,14,7
1,9,6,2,3,1,3,1,14,7
0,6,7,10,11,1,1,1,1,7
0,7,1,16,3,1,3,1,14,7
0,3,10,9,14,1,1,1,1,7
1,4,12,17,18,1,1,1,1,1
0,5,17,9,11,1,1,1,1,7
1,7,30,7,14,1,1,1,1,7
1,10,28,1,3,3,1,2,14,7
0,11,3,16,11,1,3,1,1,7
0,1,18,16,19,1,1,1,1,1
1,1,9,20,3,1,3,1,14,7
0,11,21,10,17,1,3,1,1,1
0,10,21,7,11,1,2,1,1,7
1,4,19,13,3,1,3,1,14,7
1,10,6,7,3,2,2,1,13,7
1,4,15,3,18,1,2,1,1,1
1,11,12,10,3,1,2,1,14,7
1,3,21,1,18,2,1,2,1,1
0,6,27,8,3,1,3,1,7,7
0,2,5,16,5,3,3,2,14,7
1,12,13,8,0,2,1,1,0,7
1,7,20,17,15,1,2,1,1,7
1,2,21,22,18,3,1,2,1,1
1,11,13,5,3,1,2,1,14,7
0,5,27,10,11,3,2,2,1,7
1,1,23,9,3,1,3,1,13,7
1,12,8,3,5,3,1,2,14,7
0,1,10,10,15,1,1,1,1,1
0,12,9,9,5,2,1,1,7,1
0,3,21,8,3,1,3,1,14,7
0,8,10,15,4,1,3,1,14,7
0,7,22,11,15,1,2,1,1,1
0,11,25,20,0,1,2,1,0,7
0,10,26,9,15,2,2,1,1,1
0,3,22,11,4,1,2,1,14,7
0,6,21,18,3,1,1,2,14,7
0,2,4,16,11,1,1,1,1,7
1,10,6,19,3,3,3,2,14,7
0,12,28,20,15,2,2,1,1,1
1,9,24,11,4,2,3,1,14,7
1,10,25,17,2,1,3,1,14,7
1,10,3,10,4,3,2,1,7,7
0,7,18,9,19,1,1,1,1,1
0,10,31,9,15,2,2,1,1,7
0,7,8,7,3,1,2,1,14,7
0,9,9,16,15,2,2,1,1,7
1,6,26,19,15,1,3,1,1,7
1,7,8,9,3,3,3,2,13,7
1,4,3,18,3,3,2,2,14,7
1,7,1,14,5,3,2,2,14,7
1,12,19,19,3,1,1,1,14,7
0,5,20,6,0,2,1,1,0,7
0,9,24,16,1,1,1,1,14,7
0,9,19,11,3,1,1,1,7,1
1,7,25,9,11,1,1,1,1,7
1,4,25,5,4,1,1,2,7,7
1,3,16,20,5,1,1,1,14,7
1,8,15,11,4,1,3,1,12,7
1,12,17,12,1,1,3,1,7,7
1,8,6,11,14,1,3,1,1,7
0,10,15,10,3,2,2,1,7,7
1,5,11,19,14,1,3,1,1,7
0,7,13,18,15,1,1,1,1,7
0,4,7,12,3,2,1,1,14,7
0,11,29,19,15,1,1,1,1,7
0,8,16,13,19,1,2,1,1,1
0,12,4,10,14,1,2,1,1,7
0,9,7,18,3,1,2,1,7,7
0,1,26,17,11,5,1,4,1,7
0,7,29,7,4,1,1,1,14,7
0,1,6,18,3,1,1,1,14,7
1,7,25,15,3,1,3,1,12,7
1,1,21,13,0,3,3,2,0,7
0,5,27,8,15,2,2,1,1,1
1,4,2,23,18,1,1,1,1,1
1,8,20,18,15,2,2,1,1,1
1,8,8,23,19,1,1,1,1,1
0,12,10,15,1,1,2,1,13,7
1,12,31,11,3,1,2,1,13,7
0,10,8,12,5,3,3,2,14,7
1,10,7,4,18,3,1,2,1,1
1,8,29,1,19,2,2,1,1,1
0,2,3,12,15,1,3,1,1,7
0,6,30,15,6,2,1,1,7,1
0,2,27,15,15,1,3,1,1,7
1,4,1,18,3,2,2,1,14,7
0,1,20,10,14,2,1,1,1,7
1,10,13,17,19,1,2,1,1,1
0,12,4,20,3,1,2,1,14,7
1,5,11,9,3,1,2,1,14,7
1,1,18,19,3,3,3,2,14,7
1,12,19,3,3,1,2,1,7,1
0,7,4,7,15,2,3,1,1,7
1,9,4,4,3,1,3,1,13,7
1,5,19,13,0,1,2,1,0,7
1,9,7,17,3,1,3,1,14,7
1,9,22,8,3,3,3,2,14,7
1,10,4,10,18,3,1,2,1,1
1,4,30,9,15,3,1,2,1,1
0,5,1,9,4,1,1,1,14,7
0,3,17,9,2,3,2,2,7,1
1,12,4,9,14,1,1,1,1,7
1,12,19,13,19,1,1,1,1,1
0,8,17,22,2,1,1,1,14,7
0,5,18,2,18,1,1,1,1,1
1,9,23,17,14,1,2,1,1,7
1,6,19,9,18,1,1,1,1,1
1,10,13,21,17,1,1,1,1,7
0,10,21,19,3,1,3,1,14,7
0,6,29,18,0,2,2,1,0,7
0,1,24,16,15,5,3,1,1,1
1,3,15,5,17,1,3,1,1,7
0,4,1,13,2,1,2,1,14,7
0,12,19,17,5,1,3,1,14,7
1,5,14,13,1,1,2,1,14,7
1,5,14,17,6,1,3,1,14,7
1,1,9,6,3,1,1,1,14,7
1,4,7,13,3,1,3,1,14,7
1,7,11,9,3,3,2,2,14,7
0,5,23,2,19,4,1,1,1,1
1,9,11,18,15,1,3,1,1,7
1,6,20,12,4,1,3,1,14,7
1,8,18,10,15,1,3,1,1,1
0,11,1,10,3,2,1,1,14,7
0,6,9,14,15,2,1,1,1,1
0,8,13,20,3,1,1,1,14,7
1,9,12,1,3,1,3,1,13,7
0,9,27,18,15,2,1,1,1,1
1,5,20,12,3,2,3,2,13,7
1,1,19,7,1,2,2,1,21,7
1,4,30,0,3,2,1,1,14,7
0,3,6,15,11,2,2,1,1,7
0,7,3,4,3,1,1,1,14,7
0,2,14,7,11,1,1,1,1,7
0,10,27,10,14,2,1,1,1,7
1,5,1,19,3,2,3,1,14,7
0,8,10,11,11,1,1,1,1,7
1,7,4,15,0,1,3,1,0,7
0,12,26,18,3,3,1,2,7,7
0,6,13,18,6,1,1,1,7,7
1,8,17,10,14,1,2,1,1,1
0,2,22,7,4,3,1,2,14,7
1,11,4,14,1,1,1,1,7,7
1,1,14,8,3,1,1,1,21,7
0,10,16,12,0,1,2,1,0,7
1,8,16,13,11,3,3,2,1,7
1,11,4,20,4,1,1,1,14,7
1,10,9,18,14,1,2,1,1,1
0,7,6,10,3,2,2,1,14,7
1,4,29,2,0,1,3,1,0,7
0,12,8,17,4,1,3,1,14,7
0,5,24,19,2,2,2,1,14,7
0,9,19,7,3,1,2,1,11,7
0,5,22,21,15,1,1,1,1,7
0,9,27,6,3,1,2,1,7,1
0,4,17,9,14,1,3,1,1,7
0,2,16,16,14,1,1,1,1,7
1,8,2,5,18,1,1,1,1,1
0,12,19,10,11,1,1,1,1,7
0,6,26,10,2,3,1,2,7,7
1,11,26,2,2,1,1,1,14,7
1,3,6,21,3,3,3,2,13,7
1,3,5,12,3,2,2,1,14,7
0,7,3,10,2,1,1,1,14,7
1,2,22,15,3,2,2,2,13,7
1,2,3,8,15,1,3,1,1,7
1,3,6,4,14,3,2,2,1,7
0,7,30,10,5,1,1,1,7,1
1,9,14,3,4,1,1,1,14,7
1,3,6,21,3,1,2,1,14,7
1,1,3,7,3,2,3,3,13,7
0,9,28,19,11,1,1,1,1,7
0,2,13,16,0,1,1,1,0,7
0,9,28,6,4,1,1,1,14,7
1,11,5,17,3,2,1,1,14,7
1,1,17,20,6,1,1,1,13,7
0,1,27,18,3,2,1,3,14,7
0,2,27,7,14,1,1,1,1,1
1,3,16,21,3,1,2,1,14,7
0,4,21,20,19,3,1,2,1,1
0,7,16,17,3,3,2,2,14,7
0,11,1,13,4,2,2,1,14,7
0,1,19,11,4,2,3,1,7,7
0,2,13,7,11,1,1,1,1,7
0,2,28,8,11,1,1,1,1,7
1,7,4,15,3,1,3,2,11,7
1,8,31,19,17,2,2,2,1,7
0,4,4,18,5,2,1,1,7,7
0,4,18,1,15,2,3,1,1,7
1,12,21,0,3,1,2,1,13,7
1,9,14,4,3,1,2,1,7,7
0,9,23,11,2,3,3,1,13,7
1,11,10,18,15,2,3,1,1,2
0,12,8,17,1,1,2,1,7,2
1,5,20,11,18,1,1,1,1,1
1,8,16,23,2,1,1,1,21,7
0,7,8,16,1,2,3,1,14,7
0,11,26,18,15,3,1,2,1,7
0,6,14,9,15,1,1,1,1,1
0,9,21,17,15,3,1,2,1,7
1,7,26,19,0,2,3,1,0,7
1,6,23,13,2,2,2,2,13,7
1,12,2,6,19,1,1,1,1,1
1,6,21,12,3,2,3,1,13,7
1,6,8,20,14,1,1,1,1,7
1,5,28,21,6,3,1,2,14,7
0,10,8,19,15,3,2,2,1,7
1,1,6,21,5,1,1,1,7,1
1,7,13,10,2,1,1,1,13,7
0,9,11,16,14,1,1,1,1,1
1,12,30,20,2,1,3,1,21,7
0,2,16,20,18,1,2,1,1,1
1,5,21,1,15,2,1,1,1,1
0,6,7,17,1,1,1,1,14,7
1,5,28,3,18,2,1,1,1,3
1,1,14,18,2,1,2,1,13,7
1,5,13,11,3,2,3,1,13,7
0,4,28,8,14,1,1,1,1,7
0,10,25,22,4,1,3,1,7,1
1,12,19,1,18,1,3,1,1,1
0,1,3,13,1,2,1,1,14,7
1,10,19,21,3,1,1,1,7,7
1,1,30,17,14,1,1,1,1,7
0,9,22,16,4,1,1,1,14,7
0,3,26,19,2,1,1,1,14,7
1,3,11,13,14,1,3,1,1,7
0,9,26,17,3,2,3,1,11,7
1,8,1,17,14,1,2,1,1,1
1,1,24,10,1,1,2,1,21,7
0,7,11,18,3,3,2,2,11,7
1,10,19,14,2,3,3,2,12,7
0,11,1,10,17,1,1,1,1,1
0,8,2,17,15,1,3,1,1,7
0,6,15,13,3,1,3,1,7,7
0,10,6,14,15,2,3,1,1,7
0,9,20,7,4,1,3,1,14,7
0,12,19,17,15,2,1,1,1,7
1,5,9,6,3,1,2,1,13,7
1,1,24,5,0,1,2,1,0,7
1,12,16,5,17,3,2,2,1,7
0,3,23,10,3,3,2,2,13,7
1,1,1,15,3,1,3,1,13,7
1,10,13,21,4,1,3,1,14,7
0,2,23,16,11,3,2,2,1,7
0,2,28,10,15,1,1,2,1,1
0,10,3,18,15,3,2,2,1,7
1,12,4,6,18,1,3,1,1,1
0,3,27,14,11,1,1,1,1,7
0,1,19,8,17,1,2,1,1,1
1,5,17,15,5,1,3,1,14,7
1,6,19,13,2,1,3,1,7,7
1,8,31,16,14,3,1,2,1,7
1,1,24,17,15,2,1,1,1,7
1,4,12,17,3,1,2,1,14,7
1,10,18,11,3,1,2,1,14,7
0,6,6,12,3,1,2,1,14,7
0,3,2,7,3,2,3,3,7,2
1,2,19,23,3,3,2,2,7,7
1,12,17,4,19,1,1,1,1,1
0,12,13,17,11,1,3,1,1,7
1,2,2,10,3,2,2,1,14,7
1,10,26,6,3,1,3,1,14,7
0,7,11,10,3,2,1,1,12,7
1,8,30,4,3,1,3,1,11,7
0,8,25,10,15,1,1,1,1,1
0,3,10,11,4,1,1,1,14,7
0,5,9,7,15,1,1,1,1,1
1,4,29,19,3,3,1,2,7,7
1,6,17,12,19,1,1,1,1,1
0,3,26,16,3,1,3,2,7,7
1,3,6,18,14,2,3,1,1,7
0,5,30,7,15,1,2,1,1,7
0,8,3,2,5,2,1,1,7,1
1,8,9,22,14,1,1,1,1,7
1,8,24,1,3,2,3,1,13,7
0,5,25,13,0,1,1,1,0,7
1,2,7,19,3,1,1,1,13,7
0,4,20,14,15,1,1,1,1,1
0,7,17,13,3,1,2,1,7,7
1,6,15,20,3,2,3,1,14,7
0,10,30,19,15,1,1,1,1,1
1,2,29,14,3,3,3,2,13,7
0,5,8,7,4,1,3,1,14,7
0,3,17,10,17,1,1,1,1,1
0,2,29,18,3,3,1,2,7,7
1,2,15,5,5,2,2,1,14,7
0,10,4,20,5,2,2,2,14,7
0,1,29,6,2,1,2,1,14,7
1,4,4,0,4,3,3,1,14,7
1,6,6,14,3,1,2,1,13,7
0,10,15,20,15,1,1,1,1,1
1,6,28,10,4,1,3,1,14,7
0,10,6,20,4,1,1,1,14,7
0,12,30,22,4,1,1,1,14,7
1,10,11,18,14,1,2,1,1,7
1,6,19,4,18,1,2,1,1,1
0,11,16,20,3,2,1,1,7,7
0,5,2,12,6,1,2,1,14,7
1,8,31,20,19,3,1,2,1,1
0,11,8,10,15,1,1,1,1,7
0,12,4,17,15,2,1,1,1,7
0,3,11,9,15,1,1,1,1,1
0,5,14,18,1,1,1,1,14,7
0,7,12,18,3,2,1,2,14,7
0,1,24,7,2,1,1,4,14,7
1,12,5,13,3,1,1,1,7,7
0,6,13,16,18,1,1,1,1,1
0,5,30,7,11,1,2,1,1,7
1,12,14,2,4,2,1,1,12,7
1,4,11,10,5,1,1,1,12,7
0,3,9,7,18,5,3,3,1,1
1,12,1,13,3,1,3,1,13,7
1,6,21,19,14,1,3,1,1,7
1,5,26,1,2,1,2,1,14,7
1,10,6,8,2,1,1,1,14,7
0,10,1,9,15,1,1,1,1,7
1,4,22,19,2,2,3,1,14,7
1,9,22,1,3,3,1,1,13,7
0,11,9,18,18,1,1,1,1,1
0,8,31,18,14,2,1,1,1,7
0,11,22,12,3,1,1,1,14,7
0,9,10,13,15,1,1,1,1,1
1,1,6,10,15,1,1,1,1,1
1,7,31,6,3,2,3,2,14,7
0,12,2,4,6,1,2,1,7,1
1,6,10,0,15,3,2,2,1,7
0,9,30,15,3,1,3,1,7,1
1,8,3,6,3,1,3,1,13,7
1,12,10,0,5,2,1,1,14,7
1,10,12,13,14,1,2,1,1,7
1,7,7,4,19,1,1,1,1,2
1,7,4,19,4,1,3,1,14,7
1,4,28,21,19,1,1,1,1,1
1,10,21,15,5,1,3,1,7,1
1,12,14,12,3,1,1,1,14,7
0,12,4,16,15,1,1,1,1,7
0,10,21,19,4,1,1,1,14,7
0,1,27,8,3,1,1,1,14,7
0,8,19,15,2,2,1,1,7,1
1,1,30,6,14,1,1,1,1,7
0,10,12,20,0,1,2,1,0,7
0,7,31,18,15,1,1,1,1,1
1,12,23,11,3,1,3,1,14,7
0,10,11,8,15,1,2,1,1,7
0,9,21,16,11,1,2,1,1,7
0,8,28,11,15,1,2,2,1,1
0,8,1,20,15,1,2,1,1,1
1,10,11,5,14,1,3,1,1,7
1,2,1,2,6,3,1,2,7,1
0,8,21,16,2,1,1,1,13,7
0,8,15,15,15,1,2,1,1,7
1,2,3,22,19,3,1,2,1,1
0,12,8,7,3,5,2,3,7,1
1,5,16,21,19,1,1,1,1,8
1,12,14,4,4,1,2,1,14,7
0,1,30,9,4,1,2,1,14,7
1,10,9,1,3,3,3,2,14,7
1,9,13,11,3,1,3,1,14,7
0,11,30,15,2,1,3,1,7,1
1,11,24,12,2,1,3,1,14,7
1,11,6,6,18,1,1,1,1,1
1,12,26,10,14,1,3,1,1,7
1,12,21,17,14,2,1,1,1,7
1,1,22,10,3,1,2,1,14,7
0,3,29,1,19,3,1,2,1,1
1,6,22,9,14,1,2,1,1,2
1,12,22,19,5,3,1,2,7,7
0,10,4,16,0,3,1,2,0,7
0,8,10,16,3,1,2,1,14,7
1,3,9,16,2,1,2,1,14,7
1,12,1,5,6,1,1,1,14,7
0,12,1,14,14,1,2,1,1,1
0,7,31,11,15,1,3,1,1,7
0,8,16,1,15,1,2,1,1,7
0,9,3,5,14,3,1,2,1,1
0,4,18,18,14,3,1,2,1,7
0,11,20,12,14,2,2,1,1,7
0,4,11,14,11,2,1,1,1,7
0,6,10,12,5,2,2,1,7,7
1,12,2,10,5,1,1,1,14,7
0,12,31,11,3,1,3,1,7,1
0,6,27,17,5,1,2,1,14,7
1,6,2,18,3,1,3,1,14,7
0,10,29,17,14,3,2,1,1,1
0,8,1,10,18,1,1,1,1,1
0,10,22,20,15,2,2,1,1,7
0,3,26,16,0,3,3,2,0,7
1,10,19,21,3,1,2,2,14,7
1,8,5,13,3,1,3,1,14,7
0,8,17,22,0,1,3,1,0,7
0,5,18,8,3,1,2,1,14,7
0,10,19,10,4,3,3,2,14,7
0,3,26,18,14,3,1,2,1,2
1,4,16,11,3,1,2,1,14,7
0,6,26,7,15,2,1,1,1,1
0,7,6,18,6,1,1,1,14,7
0,6,17,8,3,2,3,1,14,7
1,12,4,8,4,5,3,4,13,7
0,2,6,20,4,2,1,1,14,7
1,10,2,15,3,2,2,1,7,7
0,2,1,15,15,1,2,1,1,7
1,11,5,11,0,1,2,1,0,7
1,11,7,17,3,1,3,1,14,7
0,5,2,12,14,1,3,1,1,1
0,11,13,6,15,1,1,1,1,7
0,7,2,16,2,2,3,1,13,7
0,10,11,14,18,1,1,1,1,8
1,11,16,4,5,1,1,1,7,7
0,11,21,12,3,1,1,1,7,7
1,3,22,2,3,1,1,1,14,7
1,4,23,4,3,2,2,2,13,7
1,6,27,8,4,2,3,1,7,7
0,4,19,9,0,2,3,1,0,7
0,6,21,8,4,3,1,2,7,1
1,2,1,15,3,1,3,1,13,7
0,9,6,8,15,1,2,1,1,7
1,8,3,22,3,2,3,1,14,7
0,3,28,22,19,3,1,2,1,1
0,8,27,5,2,3,2,2,14,7
0,11,12,17,3,1,3,1,14,7
0,12,7,16,19,1,2,1,1,1
0,1,5,6,4,1,1,1,14,7
1,6,25,13,18,2,1,1,1,1
0,10,16,15,15,2,2,1,1,8
1,7,4,7,19,1,1,1,1,1
1,3,24,23,19,2,1,1,1,1
1,10,22,8,0,1,3,1,0,7
1,12,15,3,3,1,1,1,14,7
0,10,21,17,18,1,3,1,1,7
0,6,11,9,18,1,1,1,1,7
0,7,23,7,3,1,1,1,14,7
0,11,14,17,0,2,1,1,0,7
0,1,17,17,14,1,2,1,1,7
0,8,21,13,18,1,1,1,1,8
1,2,18,4,4,2,2,3,13,1
0,7,13,10,0,1,1,1,0,7
1,10,17,23,6,1,1,1,13,7
0,10,5,16,1,1,3,1,14,7
1,12,24,6,2,1,2,1,14,7
1,7,16,21,19,2,3,1,1,1
0,10,8,9,5,2,1,1,7,7
0,11,24,10,4,1,1,1,14,2
1,8,31,8,5,3,3,2,13,7
1,4,29,5,5,2,1,1,13,7
1,11,11,17,18,2,1,1,1,1
1,8,3,23,5,2,1,2,14,7
0,7,27,11,11,1,1,1,1,7
1,10,19,21,3,2,1,1,13,7
1,11,23,6,5,1,1,1,7,7
1,8,26,7,19,1,2,1,1,1
1,3,11,17,3,1,2,1,13,7
1,3,24,10,3,2,3,1,13,7
1,10,15,9,1,2,3,1,14,7
1,4,19,21,2,2,3,1,13,7
0,4,10,6,3,1,3,1,14,7
1,8,5,15,15,1,2,1,1,7
0,4,15,16,3,3,3,2,14,7
1,1,3,17,4,3,2,2,14,7
0,10,27,16,15,3,1,2,1,1
0,11,27,15,1,1,2,1,14,7
0,5,24,21,14,2,1,1,1,7
1,2,25,4,4,3,2,2,7,1
1,1,1,6,3,1,3,1,14,7
0,8,18,13,15,1,1,1,1,7
1,9,18,15,3,2,2,1,7,7
1,10,29,3,5,1,1,1,12,7
0,2,8,7,3,1,1,1,14,7
0,2,26,7,3,2,2,1,14,7
1,12,17,4,5,1,3,1,11,7
1,10,23,3,15,1,1,1,1,5
1,7,29,6,3,1,3,1,14,7
0,4,21,15,5,3,2,2,14,7
0,2,6,7,15,3,2,2,1,1
0,10,18,12,15,3,1,2,1,7
0,3,11,9,11,1,1,1,1,7
0,10,12,19,11,1,1,1,1,7
0,2,29,18,15,3,2,2,1,1
1,9,14,10,5,1,1,1,14,7
1,9,14,14,3,1,3,1,14,7
0,10,17,13,5,1,2,1,14,7
0,3,22,11,4,1,2,1,14,7
1,8,25,2,18,1,2,1,1,1
0,3,21,11,4,1,1,1,14,7
0,2,8,12,2,1,2,1,14,7
1,8,28,21,18,2,2,1,1,1
0,12,8,13,2,1,2,1,7,7
1,5,17,19,3,1,3,1,14,7
1,4,4,23,1,1,1,1,7,7
1,11,27,8,18,2,1,1,1,7
1,12,26,4,19,1,1,1,1,1
0,2,21,16,6,2,1,2,14,7
0,3,23,21,15,1,2,1,1,1
0,9,28,7,4,1,1,1,14,7
1,2,15,12,3,1,3,2,13,7
0,3,21,14,2,1,3,1,14,7
0,5,21,8,15,1,1,1,1,7
1,12,24,14,5,1,3,1,13,7
0,10,22,19,15,2,2,1,1,7
0,10,11,11,2,2,1,1,7,7
0,12,6,17,4,5,1,3,14,7
1,12,9,14,15,1,3,1,1,7
1,4,24,1,3,3,1,2,7,7
1,9,1,18,14,2,3,1,1,7
1,1,14,20,4,2,3,1,13,7
1,2,23,9,18,3,1,2,1,1
0,10,20,15,14,1,2,1,1,7
1,7,6,4,3,1,3,1,12,7
1,6,6,21,1,1,3,1,14,7
0,9,30,18,3,2,2,1,7,7
0,8,19,16,14,3,1,2,1,7
1,2,1,2,3,2,3,2,14,7
1,10,13,3,3,1,1,1,14,7
0,1,23,17,5,1,3,1,14,7
1,6,24,10,3,2,2,1,7,7
1,3,29,3,6,3,1,2,14,7
0,1,17,8,2,1,1,1,14,7
0,9,17,17,19,1,1,1,1,1
0,3,2,16,5,2,1,1,7,1
0,12,11,11,2,5,1,3,14,7
0,12,6,17,3,1,2,1,14,7
1,1,19,14,2,3,3,1,11,7
1,12,20,9,17,1,3,1,1,7
0,12,23,21,5,1,2,1,14,7
0,4,21,17,6,3,3,2,14,7
1,10,17,21,0,1,3,1,0,7
1,4,19,13,3,1,1,1,14,7
0,12,23,18,0,1,2,1,0,7
1,2,13,10,18,1,1,1,1,1
0,1,30,15,15,1,1,1,1,1
1,12,16,13,15,2,3,1,1,1
0,1,8,15,4,1,1,1,7,1
0,4,6,15,3,2,3,1,13,7
0,7,29,7,3,1,1,1,14,7
0,6,16,2,0,2,2,1,0,7
1,3,18,18,14,1,1,1,1,7
0,5,8,10,14,2,2,1,1,1
0,7,16,15,3,3,2,2,14,7
1,10,21,19,5,1,2,1,7,7
1,6,8,7,3,1,3,1,13,7
0,7,18,6,4,3,3,2,14,7
1,12,7,14,5,1,1,1,7,7
1,12,9,5,3,1,3,1,11,7
1,12,4,12,3,1,3,1,13,7
1,6,24,16,3,2,2,1,21,7
1,12,22,17,1,1,3,1,14,7
1,1,28,10,3,1,2,1,14,7
1,7,22,15,5,1,1,1,7,1
0,11,29,12,4,1,2,1,14,7
1,9,10,9,15,1,1,1,1,7
1,5,4,7,0,1,3,5,0,7
1,10,30,6,4,3,1,2,7,7
0,9,16,18,14,1,3,1,1,1
1,9,21,5,4,1,3,1,13,7
0,11,6,17,5,1,1,1,14,7
0,10,9,7,17,2,1,1,1,2
0,12,21,7,4,1,2,1,14,7
0,3,8,18,15,2,2,1,1,2
0,5,21,13,15,1,2,1,1,1
0,7,16,11,15,1,1,1,1,7
1,11,18,16,14,1,2,1,1,7
0,11,12,6,4,1,2,1,14,1
1,4,10,12,4,1,3,1,14,7
1,3,16,1,5,1,1,1,7,7
1,1,9,12,2,1,1,1,14,7
0,4,13,11,19,1,1,1,1,1
0,9,27,18,3,1,3,1,14,7
0,3,5,17,3,5,1,3,14,7
1,8,29,7,3,3,1,2,7,7
0,11,11,9,2,1,2,1,7,1
1,5,16,20,3,1,3,1,7,7
0,8,4,17,5,1,1,1,14,1
1,1,4,10,3,1,2,1,7,2
0,9,6,9,14,1,1,1,1,7
1,7,11,22,19,2,3,1,1,1
0,7,25,16,14,1,2,1,1,7
1,8,30,20,5,3,3,2,14,7
1,4,8,2,5,2,2,1,14,7
1,1,29,21,18,1,1,1,1,1
0,7,18,21,15,1,3,1,1,7
1,12,17,20,3,1,2,1,14,7
0,10,20,14,14,1,1,1,1,7
0,4,28,9,3,1,3,1,14,7
0,9,28,18,15,2,1,2,1,7
0,6,5,16,15,1,2,1,1,7
0,11,20,17,3,1,3,1,14,7
1,6,29,21,18,2,3,1,1,1
1,11,21,22,3,1,1,1,14,7
1,1,7,20,5,2,2,1,14,7
0,3,21,1,6,1,1,1,7,8
1,2,29,5,3,2,3,1,13,7
1,1,11,17,3,1,3,1,13,7
0,11,4,15,3,1,2,1,14,7
0,2,1,17,18,2,2,4,1,1
1,1,19,14,3,1,3,1,13,7
1,6,11,21,15,1,3,1,1,3
0,11,14,19,15,1,1,1,1,7
0,1,30,20,19,1,2,1,1,1
0,2,1,7,2,1,3,2,14,1
1,7,1,23,5,2,2,1,14,7
0,3,27,19,11,1,1,1,1,7
0,8,8,6,4,1,2,1,14,7
1,1,30,4,3,1,1,1,7,7
1,11,26,15,3,3,3,2,13,7
1,5,11,6,3,1,2,1,11,7
1,6,18,20,18,3,1,2,1,1
1,4,20,23,2,2,2,2,7,7
1,11,21,9,5,1,1,1,14,1
1,7,25,2,3,1,3,1,13,7
1,11,21,4,2,1,1,1,14,7
1,11,13,22,3,1,2,1,7,7
0,8,13,8,19,1,1,1,1,1
1,7,18,5,15,1,2,1,1,3
1,7,28,18,4,1,3,1,14,7
1,11,8,20,0,1,2,1,0,7
1,1,15,8,3,5,3,2,11,7
1,9,16,9,2,1,1,1,7,7
0,12,6,6,4,1,3,1,14,7
0,4,4,14,3,2,2,1,14,7
0,12,15,15,3,2,1,1,14,7
0,7,1,6,5,3,1,2,14,7
0,1,27,7,1,1,1,1,14,7
0,5,15,8,14,2,1,1,1,1
1,4,1,21,14,1,1,1,1,7
1,11,21,11,5,1,2,1,14,7
0,1,29,19,2,1,1,1,14,7
1,10,28,20,1,2,3,1,14,7
1,12,13,5,14,1,2,1,1,7
0,8,4,9,1,1,1,1,14,7
0,11,14,12,2,1,2,1,14,7
0,12,17,5,11,1,1,1,1,7
1,3,30,4,3,1,3,1,14,7
1,10,4,15,5,2,3,2,12,7
1,2,10,14,4,2,3,1,14,7
0,3,2,18,4,1,1,1,7,7
1,8,11,11,3,1,2,1,13,7
1,10,28,18,3,2,3,1,13,7
0,5,1,7,15,1,3,1,1,1
1,9,25,14,3,1,3,1,14,7
0,12,10,12,14,1,2,1,1,7
0,12,2,11,0,1,2,1,0,7
0,10,27,23,6,3,1,2,14,7
0,6,2,14,15,1,1,1,1,1
1,9,20,10,15,1,1,1,1,7
1,7,7,23,5,1,2,1,13,7
0,1,29,18,11,1,1,1,1,7
1,3,3,3,5,1,3,1,7,1
0,10,20,16,4,1,2,1,14,7
0,6,13,8,2,1,1,1,7,1
0,4,16,16,19,1,2,1,1,1
0,10,18,18,4,3,2,2,14,7
1,4,12,11,15,1,2,1,1,7
0,7,28,16,0,1,1,1,0,7
0,5,15,11,3,1,1,1,14,7
1,2,21,17,14,3,3,2,1,7
1,6,14,21,3,1,1,1,14,7
1,11,10,18,3,1,3,1,12,7
0,2,20,7,15,2,1,1,1,1
1,3,13,22,4,1,1,1,7,7
1,8,31,3,4,3,3,2,13,7
1,7,20,2,4,2,3,1,14,7
1,9,4,15,18,1,1,1,1,1
1,1,6,17,15,2,1,1,1,7
1,9,28,19,4,1,3,1,7,7
1,10,14,23,3,1,2,1,14,7
1,11,4,19,5,2,3,1,13,7
1,6,27,9,3,3,3,2,14,7
0,2,13,12,19,1,1,1,1,1
0,7,11,17,11,1,3,1,1,7
0,3,15,10,14,2,1,2,1,7
1,6,16,0,6,2,1,1,7,7
0,4,27,19,2,1,1,1,7,1
1,12,22,16,3,1,3,1,13,7
0,4,16,17,3,1,1,1,7,1
1,5,11,4,18,1,1,1,1,1
1,7,3,23,3,3,3,2,14,7
1,6,7,22,2,1,2,1,7,7
0,3,27,11,4,1,1,1,14,7
0,8,6,19,3,1,3,1,14,7
0,12,5,19,15,1,1,1,1,1
1,7,16,16,3,2,3,1,13,7
0,8,2,23,2,1,2,1,14,7
0,4,1,11,0,1,1,1,0,7
1,7,15,11,15,1,3,1,1,7
0,4,30,16,4,1,1,1,7,1
0,9,15,16,15,1,3,1,1,7
1,11,30,7,15,1,1,1,1,7
0,2,24,18,3,1,2,1,14,7
0,12,1,12,3,1,2,1,14,7
1,9,23,7,3,1,2,1,14,7
1,4,21,19,3,3,2,2,14,7
0,1,12,9,2,1,1,1,13,1
1,2,22,19,3,2,2,1,14,7
1,8,30,18,3,2,3,1,14,7
1,1,29,10,2,1,3,1,7,7
0,10,12,23,3,1,3,1,7,1
0,12,21,12,4,1,3,1,7,1
0,1,9,17,15,2,3,2,1,7
0,4,23,14,4,2,1,1,14,7
0,2,25,9,3,1,2,1,14,7
1,12,26,13,3,1,3,1,7,7
1,12,20,7,15,2,2,1,1,1
1,2,22,22,14,3,2,2,1,7
1,4,28,4,3,1,3,1,13,7
1,8,30,23,3,3,1,2,7,7
0,1,11,13,14,1,1,1,1,2
0,12,23,21,18,1,2,1,1,1
1,1,8,16,14,1,3,1,1,7
0,11,30,11,18,1,1,1,1,1
1,4,12,15,15,1,3,1,1,7
0,4,22,11,14,3,1,2,1,1
0,12,20,17,15,1,1,1,1,7
0,10,6,12,18,1,1,1,1,1
0,6,28,12,5,3,2,2,7,1
0,9,9,11,0,1,3,1,0,7
1,4,17,9,14,1,2,1,1,7
0,2,2,11,1,1,1,1,14,7
1,4,13,14,3,1,1,1,14,7
0,7,18,13,4,1,2,1,7,1
1,12,26,7,3,3,2,2,14,7
1,11,4,17,14,1,2,1,1,7
0,4,17,21,19,2,1,1,1,1
1,6,9,3,3,3,2,2,13,7
0,9,26,15,3,1,3,1,13,7
0,5,13,19,3,3,1,2,14,7
0,6,23,15,14,3,1,2,1,1
1,3,17,10,3,3,3,2,14,7
0,6,12,7,11,1,2,1,1,7
1,5,8,21,3,1,3,1,13,7
1,1,20,2,3,1,1,1,7,1
1,7,24,4,19,1,2,1,1,1
1,10,17,13,3,1,3,1,13,7
1,10,21,10,14,1,1,1,1,3
1,9,12,10,11,1,1,1,1,7
1,11,28,19,5,3,2,2,14,7
0,6,16,21,14,1,1,1,1,7
0,3,22,16,5,1,1,1,14,7
1,9,16,8,11,1,3,1,1,7
0,1,30,11,14,1,1,1,1,7
0,11,1,17,17,3,1,2,1,7
1,11,30,17,3,1,1,1,7,7
0,6,16,8,18,2,1,1,1,1
0,10,1,7,4,1,3,1,14,7
1,7,20,6,19,1,2,1,1,1
1,2,11,2,3,3,3,2,14,7
1,10,11,10,11,1,1,1,1,7
1,8,24,12,11,1,1,1,1,7
0,7,27,15,4,2,2,1,14,7
1,3,31,1,19,1,1,1,1,1
0,11,29,13,3,2,3,1,14,7
0,2,14,22,3,1,1,1,7,1
1,3,26,16,5,3,3,2,14,7
1,12,23,21,3,1,3,1,13,7
0,12,6,19,5,1,1,1,14,7
1,6,18,15,19,3,1,2,1,1
1,10,31,17,3,2,1,1,14,7
1,7,26,18,19,2,1,1,1,1
1,9,17,4,6,2,1,2,12,7
0,10,16,11,15,2,3,1,1,7
0,6,4,1,0,1,1,1,0,7
1,3,16,11,4,1,1,1,14,7
1,11,18,5,18,2,1,1,1,1
0,8,8,7,3,1,1,1,14,7
0,7,30,8,14,1,2,1,1,7
1,11,2,13,1,3,3,2,14,7
0,3,18,9,3,1,2,1,14,7
1,1,29,6,19,1,1,1,1,1
1,1,4,20,2,1,1,1,7,7
0,8,15,15,4,1,1,1,14,7
1,5,4,10,15,1,2,1,1,7
0,9,9,17,11,3,1,2,1,7
1,11,8,20,14,1,2,1,1,1
0,8,16,16,14,1,3,1,1,7
1,9,13,13,2,1,1,1,7,7
0,11,12,21,4,1,1,1,7,7
0,10,1,18,5,2,1,1,14,7
1,5,19,23,1,3,1,2,21,7
0,12,19,9,15,1,1,1,1,7
0,4,10,22,5,2,2,1,7,1
1,6,8,20,14,1,3,1,1,7
0,10,5,16,3,2,3,1,7,7
0,8,17,20,5,1,1,1,14,7
0,8,11,20,15,2,3,1,1,7
1,1,21,18,18,1,2,1,1,1
1,7,28,15,3,1,3,1,14,7
1,7,12,21,19,3,2,2,1,1
0,6,29,14,15,2,1,1,1,1
0,7,12,11,6,3,1,1,14,1
0,3,22,9,15,1,1,1,1,8
0,10,9,8,2,3,2,2,14,7
1,10,13,5,14,2,3,1,1,7
1,1,5,15,3,1,2,1,7,7
0,8,12,7,6,1,2,1,14,7
1,9,27,16,11,1,1,1,1,7
1,10,6,1,3,1,3,1,14,7
0,2,14,10,14,1,3,1,1,7
1,5,27,16,15,1,1,1,1,1
1,5,9,9,3,1,2,1,7,7
0,8,13,16,15,1,2,1,1,7
1,4,7,16,0,1,1,1,0,7
1,1,19,9,3,1,3,1,13,7
1,11,15,12,11,2,3,1,1,7
0,9,9,16,3,1,2,1,14,7
0,2,28,15,3,1,1,1,14,7
0,11,26,16,4,1,1,1,14,7
1,11,23,12,3,1,3,1,14,7
1,4,9,19,3,1,3,1,14,7
1,8,31,0,3,3,3,2,13,7
1,2,26,15,3,1,2,1,14,7
0,1,27,7,4,2,3,1,14,7
0,1,30,17,15,1,1,1,1,1
0,1,22,8,11,1,2,1,1,7
1,12,10,5,17,1,1,1,1,1
1,10,27,9,15,2,1,1,1,1
1,9,9,3,5,1,2,1,14,7
0,1,3,12,18,5,1,2,1,1
0,12,30,9,3,1,2,1,7,1
1,10,16,16,2,2,3,1,7,7
1,9,16,18,3,1,2,1,7,7
0,4,3,18,18,3,2,2,1,1
1,1,1,17,4,2,1,3,14,7
1,3,15,20,3,2,3,1,14,7
0,7,30,16,18,1,1,1,1,1
0,5,23,16,3,1,1,1,14,7
1,5,5,10,15,2,1,1,1,7
0,1,10,8,3,1,3,1,14,7
0,5,7,17,3,2,1,1,13,7
0,9,28,11,11,1,1,1,1,7
1,2,3,18,2,1,1,1,14,7
0,4,7,13,3,1,1,1,7,1
0,10,30,12,11,1,2,1,1,7
0,3,20,16,3,3,1,2,14,7
1,8,31,11,4,3,3,2,14,7
1,6,15,15,3,1,3,1,13,7
0,11,21,13,2,1,1,1,13,1
1,10,11,21,14,1,1,1,1,7
1,4,30,12,0,2,3,1,0,7
0,9,15,10,15,1,2,1,1,1
0,11,6,11,15,1,1,1,1,7
0,6,12,11,3,1,1,1,14,7
0,4,24,8,15,3,1,2,1,1
0,12,6,17,18,1,2,1,1,1
1,12,5,5,3,1,3,1,14,7
1,7,27,16,0,1,2,5,0,7
0,1,30,16,2,1,1,1,14,7
0,4,11,8,14,1,2,1,1,7
0,11,19,7,14,1,2,1,1,7
1,4,13,18,15,1,2,1,1,1
0,8,28,18,17,1,2,1,1,7
1,8,10,0,6,1,3,1,14,7
1,3,26,0,14,2,1,1,1,1
0,3,22,11,3,1,1,1,14,7
1,7,25,23,6,1,1,1,14,7
1,12,28,21,18,1,3,1,1,1
0,10,28,22,6,2,1,1,7,7
1,8,23,3,4,1,1,1,14,7
1,10,25,20,15,1,3,1,1,2
0,8,13,17,3,2,2,1,14,7
1,1,25,16,2,1,1,1,13,7
0,8,10,14,4,1,3,1,7,1
1,3,9,19,15,1,1,1,1,7
1,5,22,20,3,1,3,1,13,7
1,5,22,14,15,2,2,1,1,1
1,11,13,12,3,1,3,1,14,7
1,12,21,23,4,1,1,1,7,7
1,7,3,17,14,1,3,1,1,7
1,5,28,5,3,3,3,2,13,7
1,6,29,17,0,2,3,1,0,7
0,5,26,10,18,1,1,1,1,1
0,1,29,15,6,1,1,1,7,7
0,12,5,4,18,1,1,1,1,1
1,3,30,11,0,1,3,1,0,7
1,1,26,18,3,1,3,1,14,7
0,12,3,15,4,1,3,1,7,1
1,6,1,7,11,2,1,1,1,7
0,12,8,14,15,1,1,1,1,7
1,10,31,8,4,1,3,1,14,7
0,12,27,9,3,2,3,1,7,7
0,1,18,23,4,1,2,1,14,7
1,2,16,7,4,1,2,1,14,7
0,8,31,19,19,3,1,2,1,8
1,6,30,17,2,2,1,1,14,7
1,9,18,17,3,1,3,1,14,7
1,12,31,17,3,1,3,1,14,7
1,12,8,8,15,1,1,1,1,1
1,6,23,12,3,3,3,2,13,7
0,1,28,18,3,2,3,2,14,7
0,10,7,16,3,3,3,2,13,7
1,10,17,6,18,1,3,1,1,2
1,5,3,12,3,1,3,1,13,7
1,12,20,5,15,1,1,1,1,1
1,1,28,6,2,1,3,1,14,7
1,1,2,3,3,1,3,1,13,7
0,1,12,7,18,1,1,1,1,1
1,4,19,18,5,1,1,1,14,7
1,8,26,11,3,1,2,1,14,7
0,7,30,9,0,1,1,1,0,7
1,10,19,7,4,1,1,1,11,7
0,5,11,16,3,1,3,1,14,7
0,5,28,10,18,2,1,2,1,1
0,8,29,11,4,3,2,2,14,7
0,10,2,8,18,1,1,1,1,1
0,9,11,15,3,1,3,1,13,7
1,8,3,18,3,1,3,1,13,7
1,11,9,7,14,1,3,1,1,7
0,2,29,8,3,3,1,1,14,7
0,11,25,17,15,1,1,1,1,1
1,12,18,23,11,1,3,1,1,7
0,3,22,6,1,1,2,1,13,7
1,3,1,23,18,1,1,1,1,1
0,5,16,8,11,1,1,1,1,7
1,8,4,2,3,1,1,1,7,7
1,12,20,9,0,1,3,1,0,7
0,3,11,17,18,1,2,1,1,1
1,10,1,15,0,1,3,1,0,7
1,11,15,5,14,2,1,2,1,7
1,4,27,11,3,1,3,1,13,7
0,6,15,12,3,1,1,1,14,7
1,8,4,18,15,1,2,1,1,1
0,4,24,15,5,3,2,2,7,7
1,10,31,21,15,1,3,1,1,7
0,12,24,15,15,1,1,1,1,1
1,7,4,22,2,1,1,1,14,7
0,2,26,14,15,2,1,1,1,1
0,12,4,15,15,1,2,1,1,1
0,3,13,6,14,1,1,1,1,7
1,12,26,21,5,5,1,1,14,7
1,10,12,5,15,1,3,1,1,3
1,7,23,23,1,1,2,1,21,7
1,11,9,19,5,1,1,1,7,7
1,1,16,12,6,5,2,4,7,1
1,6,17,10,15,1,1,1,1,1
0,5,13,19,4,3,1,2,14,7
0,10,19,17,14,3,2,2,1,7
0,11,14,10,15,1,1,1,1,1
1,8,28,9,4,1,3,1,13,7
0,4,25,8,15,1,1,1,1,7
0,5,31,17,3,1,1,1,14,7
0,9,20,17,14,1,2,1,1,7
0,10,4,8,14,3,2,1,1,7
0,2,22,17,2,3,1,2,14,7
0,8,24,15,4,2,3,1,14,7
0,2,11,15,4,1,3,1,14,7
1,10,18,22,1,1,1,1,13,7
1,8,18,11,3,1,2,1,13,7
1,5,29,13,3,1,2,1,14,7
1,11,26,1,4,2,3,1,11,7
1,7,8,16,3,1,1,1,14,7
0,10,28,18,3,2,3,1,14,7
0,8,6,11,15,1,2,1,1,7
1,7,15,5,3,1,2,1,7,7
1,9,24,8,3,3,1,2,14,7
0,5,14,16,15,3,1,2,1,7
1,10,13,0,2,1,1,1,14,7
0,10,28,17,18,2,2,1,1,1
0,10,17,4,19,1,2,1,1,1
1,6,13,20,2,1,3,1,14,7
0,12,15,16,3,1,1,1,14,1
0,10,25,18,17,1,1,1,1,7
1,3,5,3,3,3,3,2,14,7
0,10,23,19,18,2,1,1,1,1
0,11,1,17,3,3,1,2,14,7
1,5,19,3,18,1,1,1,1,1
1,6,22,6,3,1,3,1,13,7
0,1,30,1,19,1,1,1,1,1
1,3,11,13,3,1,1,1,14,7
1,1,14,6,4,1,1,1,7,1
1,7,20,2,3,1,3,1,13,7
1,7,20,9,15,1,3,1,1,1
1,11,9,5,4,2,2,1,14,7
1,6,26,9,4,1,2,1,14,7
1,3,18,23,18,1,1,1,1,1
1,1,10,22,3,2,1,1,7,7
1,7,18,20,4,1,2,1,7,7
0,12,2,12,18,1,1,1,1,1
1,8,4,9,3,1,3,1,13,7
1,8,7,13,6,1,1,1,11,7
0,11,24,12,4,1,1,1,14,7
0,5,10,7,3,1,1,1,14,7
0,3,12,13,3,3,3,2,14,1
0,9,4,12,14,1,3,1,1,1
0,11,29,8,15,1,1,1,1,1
1,12,21,11,4,1,1,1,14,7
1,2,26,20,3,2,3,1,13,7
0,6,14,12,3,1,3,1,13,7
0,5,7,9,11,1,2,1,1,7
1,7,29,19,15,1,1,1,1,7
0,11,28,7,4,1,1,1,14,7
1,2,16,14,2,1,3,5,14,7
1,7,11,6,11,2,1,1,1,7
1,11,22,15,15,1,1,1,1,7
0,5,29,16,3,1,2,1,7,1
1,11,20,4,5,3,3,2,14,7
1,9,17,12,17,1,1,1,1,7
0,3,20,12,11,1,2,1,1,7
0,3,23,20,5,2,1,1,7,1
1,6,2,21,4,2,2,1,14,7
1,3,20,19,5,1,1,1,14,7
0,5,10,15,15,1,1,1,1,7
1,11,9,22,4,1,1,1,7,7
0,12,24,18,18,1,1,1,1,1
0,10,6,13,15,2,3,1,1,1
0,12,22,8,11,1,1,1,1,7
1,2,9,11,15,1,1,1,1,1
0,3,2,11,3,2,2,1,14,7
1,8,14,21,15,1,1,1,1,1
1,1,12,5,5,1,1,1,14,7
0,12,13,7,15,1,2,1,1,1
1,5,18,11,14,1,3,1,1,7
1,2,22,8,15,3,3,2,1,7
0,1,12,18,15,2,3,1,1,7
1,1,25,15,14,1,1,1,1,7
1,9,28,5,4,1,3,1,13,7
1,7,10,6,3,1,3,1,13,7
0,9,4,9,11,1,1,1,1,7
0,2,6,8,15,3,1,2,1,1
0,4,30,10,4,2,1,1,14,7
0,3,30,8,11,1,1,1,1,7
1,10,22,19,3,2,3,2,7,7
0,10,8,11,11,3,3,2,1,7
0,11,23,14,3,1,1,1,14,7
1,9,14,15,3,1,3,1,14,7
1,8,16,6,18,1,2,1,1,1
1,7,1,18,15,3,3,2,1,7
1,10,14,9,0,1,2,1,0,7
0,3,2,13,5,2,2,1,14,7
1,12,30,15,4,1,1,1,13,7
1,11,18,11,14,1,1,1,1,7
1,2,9,18,3,1,2,1,14,7
0,12,20,9,3,1,1,1,14,7
0,8,1,14,15,1,1,1,1,1
1,9,23,14,5,1,3,1,14,7
1,10,21,9,2,1,1,1,7,7
0,9,24,7,3,2,3,1,13,7
1,8,18,1,15,1,1,1,1,7
1,9,14,23,15,1,3,1,1,1
0,11,7,7,3,1,3,1,13,7
0,8,26,15,3,3,3,2,14,7
0,4,24,13,18,1,1,1,1,1
0,3,29,18,3,1,1,1,14,7
0,1,29,19,15,1,1,1,1,1
0,9,27,14,14,3,1,2,1,7
1,10,13,11,1,1,3,1,14,7
1,2,15,18,5,3,3,2,14,7
1,4,3,4,4,3,2,2,14,7
1,12,15,22,5,5,3,4,12,7
1,9,10,0,5,1,1,1,14,1
1,12,10,17,4,3,3,2,14,7
0,3,12,12,5,3,1,2,14,7
0,6,4,15,17,1,2,1,1,1
0,12,9,9,4,1,1,1,14,7
0,1,8,10,18,5,2,4,1,1
1,8,6,1,1,1,3,1,12,7
0,3,29,9,17,1,2,1,1,1
1,11,28,5,11,1,2,1,1,7
0,9,16,15,2,1,3,1,14,7
1,12,16,5,3,1,1,1,14,7
1,9,8,13,3,2,3,1,12,7
1,7,6,12,1,2,3,1,14,7
0,2,16,6,14,1,3,1,1,7
0,11,13,18,3,1,1,1,7,1
1,8,30,6,5,3,3,2,14,7
0,7,8,9,2,3,1,2,14,7
1,10,21,12,3,1,3,1,13,7
1,6,10,21,3,1,3,1,13,7
1,2,7,9,1,1,1,1,13,7
0,1,28,11,5,1,2,1,7,7
1,10,24,21,2,1,1,1,21,7
1,6,13,19,19,1,1,1,1,1
1,4,16,5,14,1,2,1,1,1
0,1,24,6,3,1,3,1,14,7
0,7,31,13,18,1,2,1,1,7
0,1,13,9,14,1,1,1,1,1
1,3,16,15,2,1,3,1,13,7
0,4,4,19,15,2,2,1,1,7
0,7,18,7,4,1,3,1,12,7
0,8,11,16,0,1,1,1,0,7
0,9,11,16,18,1,1,1,1,1
0,5,14,7,1,1,1,1,14,7
1,7,22,6,3,1,3,1,14,7
0,8,19,11,0,2,2,1,0,7
1,1,21,11,5,3,3,2,13,7
1,8,15,18,14,2,1,1,1,7
0,2,9,15,5,1,1,1,7,7
0,1,26,7,4,1,1,1,7,1
0,4,25,7,15,1,2,1,1,1
1,2,13,10,15,1,3,1,1,7
1,11,4,17,14,1,1,1,1,7
0,12,28,16,18,3,1,2,1,7
1,11,27,6,15,2,3,2,1,1
1,12,26,6,14,3,2,2,1,7
0,10,23,8,11,1,3,1,1,7
0,6,13,20,2,1,1,1,14,7
1,12,16,9,4,1,3,3,14,7
1,5,27,8,18,2,1,2,1,7
1,8,19,13,15,1,3,1,1,7
1,10,7,9,11,2,3,1,1,7
0,12,9,8,15,1,1,1,1,1
0,1,19,18,19,2,1,1,1,1
1,8,25,16,14,1,3,1,1,7
0,6,23,16,3,3,3,2,11,7
0,5,3,17,3,1,2,1,14,7
1,1,14,21,1,1,1,1,14,7
1,12,17,0,5,1,3,1,14,7
0,11,12,14,3,1,2,1,14,7
0,8,6,15,15,1,1,1,1,1
1,8,3,18,0,1,3,1,0,7
1,1,1,0,15,1,3,1,1,1
1,6,26,6,4,2,3,1,13,7
1,4,12,13,15,1,3,1,1,7
1,5,22,8,3,1,3,1,13,7
1,11,12,6,18,1,1,1,1,1
0,2,9,11,3,1,1,1,7,1
0,1,10,8,4,2,1,2,7,1
0,7,7,10,18,1,2,1,1,7
1,4,7,12,3,1,3,1,13,7
1,3,6,6,14,3,1,2,1,7
1,12,13,12,15,1,2,1,1,1
0,10,14,9,3,1,1,1,7,1
1,1,23,1,4,1,1,1,7,7
0,8,14,13,15,1,3,1,1,7
1,6,6,12,19,1,1,1,1,7
0,12,14,17,5,2,3,1,7,1
1,8,28,21,2,3,2,2,21,7
0,1,20,6,3,3,3,2,7,7
1,6,12,9,15,1,2,1,1,1
0,1,13,8,3,5,3,4,13,7
1,10,8,21,5,3,1,2,7,7
1,5,17,9,4,1,3,1,14,7
1,11,6,18,1,1,3,5,14,7
1,8,23,20,3,1,3,1,14,7
0,3,30,15,0,1,1,1,0,7
0,11,16,16,3,2,1,1,7,7
0,4,25,17,3,1,2,1,14,7
0,6,29,12,17,1,2,1,1,1
1,2,22,18,2,2,2,1,21,7
1,8,8,6,5,1,2,1,7,1
0,2,13,17,5,1,1,1,14,7
1,3,19,16,4,1,3,1,14,7
1,1,15,5,18,2,3,2,1,1
1,4,25,22,15,1,2,1,1,7
0,11,11,14,0,1,2,1,0,7
1,9,16,13,14,2,3,1,1,7
0,12,29,12,11,1,1,1,1,7
1,12,19,16,3,2,1,2,14,7
0,9,19,17,19,1,1,1,1,8
1,10,11,10,4,1,2,1,7,7
0,3,11,14,5,1,1,1,14,7
0,11,13,8,4,1,3,1,14,1
0,9,24,8,15,1,1,1,1,1
0,10,10,14,11,1,1,1,1,7
0,9,14,15,15,1,1,1,1,7
1,2,18,0,1,1,3,1,14,7
1,4,5,13,15,2,1,2,1,1
1,5,26,10,14,1,3,1,1,7
0,2,26,15,3,1,1,1,7,7
0,2,16,12,4,1,1,1,7,1
0,10,15,1,14,1,1,1,1,1
1,2,6,18,5,1,3,1,14,7
1,1,16,15,3,1,3,1,14,7
0,11,9,9,4,1,1,1,7,3
1,6,14,14,3,1,3,1,13,7
1,9,20,18,17,2,2,2,1,7
0,8,12,9,3,1,1,1,14,7
0,7,29,6,4,1,2,1,7,1
0,12,16,20,19,1,1,1,1,1
0,1,31,7,14,1,1,1,1,7
1,2,4,11,0,1,2,1,0,7
1,12,25,21,15,1,2,1,1,1
1,6,21,14,3,1,3,1,13,7
1,8,11,12,2,1,2,1,14,7
1,9,26,15,2,1,2,1,13,7
1,4,29,14,0,2,3,1,0,7
0,1,31,17,3,1,2,1,14,7
0,3,7,9,15,1,2,1,1,7
0,1,19,12,11,1,3,3,1,7
0,4,22,14,15,1,1,1,1,2
0,4,16,9,3,2,3,1,14,7
1,12,27,15,3,1,3,1,14,7
0,12,21,14,15,1,1,1,1,2
0,9,28,14,3,1,1,1,14,7
1,9,18,17,3,3,1,2,14,7
1,8,31,14,3,3,1,2,7,7
0,10,6,7,18,1,1,1,1,1
0,10,7,17,4,3,1,2,7,7
1,12,1,4,17,1,1,1,1,1
0,7,20,21,15,1,2,1,1,1
0,3,21,15,0,1,1,1,0,7
0,1,11,7,15,1,2,1,1,7
1,3,30,11,15,1,3,1,1,7
1,12,13,9,5,1,1,1,14,7
1,7,1,4,3,3,3,1,7,7
0,4,26,16,15,2,1,1,1,1
1,10,8,12,15,3,1,2,1,7
1,3,11,1,3,1,3,1,13,7
0,2,13,7,11,1,2,1,1,7
0,4,4,6,15,1,1,1,1,7
0,12,25,6,18,1,2,1,1,7
1,5,10,15,3,1,2,1,13,7
0,11,16,16,5,2,2,1,14,7
1,7,6,2,3,1,3,1,14,7
1,4,24,20,4,3,2,2,7,1
1,11,8,7,3,1,2,1,21,7
1,9,23,4,3,1,3,1,12,7
0,3,1,10,15,1,2,1,1,7
0,11,13,6,4,1,1,1,7,7
0,11,9,8,3,1,1,1,14,7
0,11,12,16,5,1,3,1,13,7
0,9,15,11,14,1,3,1,1,7
0,12,9,8,4,1,1,1,14,7
1,7,31,14,3,1,3,1,13,7
0,4,11,8,18,1,2,1,1,1
1,11,9,17,11,1,2,1,1,7
1,12,4,11,3,1,1,1,12,7
1,8,29,8,2,3,1,2,21,7
0,1,23,16,3,2,2,1,7,1
0,5,13,11,3,3,1,2,14,7
1,4,11,14,15,2,1,1,1,1
0,2,10,19,2,1,1,1,14,7
1,5,27,7,18,3,1,2,1,7
0,2,16,8,15,1,1,1,1,1
0,8,23,17,3,1,1,1,14,7
1,2,24,20,15,1,2,1,1,7
1,11,7,17,3,1,2,1,7,2
1,2,11,10,6,1,1,1,7,1
0,6,25,17,18,3,1,2,1,1
0,5,21,12,14,1,1,1,1,1
0,7,24,11,3,1,1,1,13,7
0,5,2,12,3,2,2,1,14,7
1,5,22,8,15,1,1,1,1,7
1,6,27,8,3,1,3,1,14,7
1,5,22,20,2,1,3,1,13,7
0,11,17,20,15,3,1,2,1,7
1,10,28,17,3,1,2,1,7,7
1,11,3,13,3,1,3,1,13,7
1,6,21,23,19,1,1,1,1,1
0,4,10,13,3,1,3,1,14,7
0,3,13,6,3,1,3,1,13,7
1,2,25,13,14,1,3,1,1,7
0,12,22,10,4,1,2,1,7,1
0,5,25,17,6,1,2,1,14,7
0,8,20,6,3,1,2,1,14,7
0,10,26,11,15,1,1,1,1,1
0,2,16,19,3,1,2,1,14,7
0,12,2,1,18,1,2,1,1,1
0,9,29,13,4,1,2,1,14,1
1,5,19,13,15,1,1,1,1,7
0,8,28,22,4,1,3,1,14,7
0,6,8,9,14,2,2,1,1,7
0,10,29,11,15,3,2,2,1,7
0,11,29,17,3,2,2,2,13,7
0,12,14,15,5,1,3,1,14,7
1,12,29,18,3,1,3,1,13,7
0,5,3,20,15,2,3,1,1,1
0,1,25,8,2,1,1,1,14,7
0,3,29,10,5,3,2,2,14,7
0,11,25,18,4,1,3,1,14,7
1,4,24,1,3,1,1,1,7,7
1,8,20,1,4,1,3,1,13,7
0,9,7,4,15,1,2,1,1,1
0,5,28,21,5,3,3,2,7,1
1,10,31,12,18,1,2,1,1,1
0,9,5,10,14,1,2,1,1,7
1,11,13,17,3,1,3,1,7,7
1,7,27,0,15,1,1,1,1,1
0,5,30,6,14,1,1,1,1,7
0,5,22,2,3,3,3,2,12,7
1,1,29,4,5,1,2,1,7,1
0,6,29,11,4,1,1,1,14,7
1,11,28,17,14,1,3,1,1,7
1,8,13,13,3,1,3,1,14,7
0,2,17,18,5,2,2,1,14,7
1,3,22,11,15,1,1,1,1,7
0,7,15,13,11,1,1,1,1,7
1,6,14,1,3,1,1,1,14,7
0,6,25,7,3,1,2,1,7,1
0,8,24,9,3,2,2,1,14,7
0,11,25,20,3,1,1,1,14,7
1,8,9,15,3,1,3,1,7,7
1,10,20,11,3,1,3,1,14,7
1,8,8,6,2,1,3,1,14,7
1,3,21,16,15,2,2,1,1,7
1,2,2,5,18,3,2,2,1,1
0,12,29,14,3,1,3,1,7,1
0,1,10,16,11,1,1,1,1,7
1,3,9,19,3,2,3,2,14,7
1,6,19,18,3,1,3,1,14,7
0,10,19,10,2,1,1,1,14,7
0,2,9,5,15,1,3,1,1,1
1,9,8,6,1,1,3,1,21,7
1,11,30,19,5,1,1,1,13,7
1,9,15,12,4,2,3,1,14,7
1,12,29,0,6,1,2,1,14,7
0,1,4,11,2,1,2,1,7,7
1,5,18,7,11,1,1,1,1,7
0,7,30,8,14,2,1,1,1,7
0,9,2,15,3,1,1,1,14,7
1,8,1,18,5,1,2,1,14,7
0,1,26,7,3,1,3,1,7,7
1,11,1,10,18,2,1,1,1,1
1,11,5,6,5,1,1,1,14,7
0,5,28,8,11,3,1,2,1,7
0,3,13,10,4,1,1,1,7,1
1,6,13,9,3,1,3,1,14,7
1,7,23,23,15,1,1,1,1,7
0,10,25,8,11,1,1,1,1,7
0,11,6,19,18,1,1,1,1,7
1,9,30,21,0,1,2,1,0,7
1,7,19,21,3,1,1,1,7,1
1,11,12,19,15,1,1,2,1,1
1,8,15,17,14,1,2,1,1,1
0,10,10,10,14,1,1,1,1,7
0,2,22,14,0,1,1,1,0,7
0,5,31,7,4,3,2,1,14,7
1,7,3,13,5,1,1,1,7,7
0,12,3,15,11,1,1,1,1,7
0,5,2,16,4,1,1,1,7,8
0,1,11,13,5,1,1,1,7,1
0,6,25,8,14,2,2,1,1,7
0,6,14,15,5,1,3,1,7,1
0,2,15,7,14,2,1,1,1,7
1,11,24,3,5,1,1,1,7,8
0,6,1,9,2,1,1,1,14,7
0,12,9,8,15,1,2,1,1,7
1,6,11,12,3,3,3,2,13,7
1,8,2,1,2,1,1,1,14,7
1,8,12,21,5,1,3,1,14,7
0,10,10,15,14,1,2,1,1,7
0,7,29,15,0,1,1,1,0,7
0,8,29,14,3,3,1,2,11,7
0,9,28,14,3,1,2,1,7,1
0,6,12,17,5,1,2,1,14,7
0,2,5,9,15,1,2,1,1,1
1,1,3,17,3,1,3,1,14,7
1,4,20,0,3,1,3,1,14,7
0,3,29,16,4,1,1,1,14,7
0,1,28,9,2,2,1,1,14,7
0,2,19,21,19,2,1,1,1,1
1,6,11,15,1,1,2,1,13,7
0,11,19,16,4,1,3,1,14,7
0,8,9,8,2,1,3,1,7,7
1,7,6,12,3,1,3,1,13,7
1,3,11,6,17,1,1,2,1,1
0,3,22,10,0,1,1,1,0,7
1,3,22,18,15,1,2,1,1,7
0,3,27,12,14,1,2,1,1,7
1,6,12,22,3,1,3,1,14,7
1,12,16,17,2,1,3,1,13,7
1,10,3,20,6,2,3,1,14,7
0,8,28,10,17,3,2,2,1,2
1,7,23,18,4,1,3,1,7,7
0,9,15,17,6,1,1,1,14,7
0,6,22,13,19,2,2,1,1,1
0,8,5,13,4,1,1,1,7,1
1,2,26,9,3,1,1,1,7,7
1,10,10,12,14,1,3,1,1,7
1,8,28,22,3,1,2,1,7,7
0,4,8,14,2,2,1,1,14,7
0,1,17,7,18,1,1,1,1,7
0,7,19,13,14,1,1,1,1,1
0,2,23,18,4,2,2,2,7,1
0,3,19,20,3,1,3,1,13,7
1,2,22,3,19,3,1,2,1,1
0,3,27,17,15,1,2,1,1,1
0,9,23,20,11,1,3,1,1,7
1,7,26,10,15,1,1,1,1,7
1,2,12,19,19,1,1,1,1,2
0,1,17,4,3,1,1,1,14,7
1,4,3,1,5,1,1,1,7,7
1,7,31,13,1,1,3,1,14,7
0,11,7,17,3,1,2,1,14,7
1,10,25,16,1,2,1,1,21,7
1,7,22,4,3,1,3,1,14,7
0,6,9,14,18,2,1,1,1,1
0,10,5,10,11,3,1,2,1,1
0,7,22,18,5,1,1,2,7,1
1,10,21,23,18,1,2,1,1,1
0,8,29,8,5,3,1,2,7,7
0,4,24,12,14,3,1,2,1,7
0,3,16,10,4,1,1,1,14,7
0,10,29,16,18,1,1,1,1,1
1,11,23,6,19,1,1,1,1,1
1,1,26,19,14,1,3,1,1,7
0,7,25,18,3,2,3,2,7,7
0,3,12,7,14,3,3,2,1,7
0,11,13,15,14,1,3,1,1,7
0,11,27,17,18,2,1,2,1,7
1,11,4,16,3,1,3,1,7,7
1,4,27,11,3,1,3,1,14,7
1,4,15,15,3,1,3,1,14,7
1,2,11,12,4,1,3,1,13,7
1,4,23,3,3,2,2,1,14,7
0,1,13,18,4,5,1,2,14,7
0,9,4,10,15,1,2,1,1,1
1,2,29,14,0,1,2,1,0,7
1,10,26,0,3,1,3,1,14,7
1,1,19,19,11,1,1,1,1,1
0,11,14,16,11,1,1,1,1,7
0,4,9,20,11,1,3,1,1,7
0,4,28,8,2,1,2,1,14,7
0,12,6,17,1,1,3,1,14,1
0,1,18,14,19,1,1,1,1,8
0,7,28,19,4,1,1,1,14,7
0,8,14,22,4,1,2,1,7,1
1,11,20,22,14,1,2,1,1,7
0,7,23,12,0,1,1,1,0,7
1,6,14,10,3,1,2,1,13,7
1,9,16,3,0,1,3,1,0,7
0,6,21,15,19,2,1,1,1,1
1,9,4,14,4,1,2,1,13,7
1,1,5,20,4,1,1,1,7,7
0,2,2,16,3,2,2,1,14,7
0,9,11,13,15,1,2,1,1,7
1,6,1,22,3,2,3,1,13,7
0,12,16,8,11,2,2,1,1,7
1,2,14,20,19,1,1,1,1,1
0,8,27,13,4,1,2,1,14,7
0,12,3,11,14,1,1,1,1,1
1,11,24,7,4,1,1,1,7,7
0,3,27,17,18,1,3,1,1,1
1,11,26,19,3,2,2,1,14,7
0,12,27,19,17,1,1,1,1,7
1,11,19,20,4,1,3,1,14,7
0,5,30,5,4,2,1,1,7,1
0,4,7,12,14,1,3,1,1,7
0,5,21,9,3,1,1,1,14,7
0,11,24,11,15,1,1,1,1,7
0,7,11,6,3,3,3,2,14,7
1,1,9,18,19,2,1,2,1,1
0,3,18,16,11,1,1,1,1,7
1,12,7,8,5,2,2,1,7,7
1,9,12,0,14,1,2,1,1,2
0,6,24,0,17,3,1,2,1,1
1,8,4,15,5,3,3,2,13,7
1,6,15,16,6,1,2,1,14,7
1,1,10,11,15,1,2,1,1,1
1,11,6,18,3,1,1,1,14,7
0,5,16,19,6,2,1,1,7,1
0,2,12,14,4,2,3,2,14,7
1,7,4,13,11,1,3,1,1,7
1,5,25,19,2,1,3,1,14,7
0,12,1,18,3,1,1,1,14,7
1,8,20,3,5,3,1,2,14,7
1,9,5,3,3,1,1,1,13,7
1,10,19,15,3,2,3,2,12,7
0,11,27,11,18,1,1,1,1,2
0,10,8,7,18,3,1,2,1,7
0,3,6,0,15,3,1,2,1,1
0,7,26,16,3,3,3,2,14,7
0,7,20,16,3,1,1,1,14,7
1,2,24,19,18,1,2,1,1,7
0,1,30,11,0,1,3,1,0,7
1,7,21,10,3,1,3,1,13,7
1,7,13,8,3,1,3,1,13,7
1,2,20,8,4,2,2,2,14,7
1,6,29,3,5,1,1,1,14,7
1,1,21,18,15,1,1,1,1,1
0,9,12,7,14,1,2,1,1,7
1,1,20,5,19,3,1,2,1,1
0,2,3,9,18,1,1,1,1,1
0,11,1,10,4,3,3,2,7,7
0,12,30,19,5,1,1,1,14,7
1,12,17,9,3,1,3,1,7,7
0,9,20,13,3,1,1,1,14,7
1,3,3,0,3,1,2,1,14,7
1,8,2,15,5,1,2,1,14,7
1,3,18,14,4,2,3,2,14,7
0,10,29,8,15,1,1,1,1,7
1,3,14,19,15,1,3,1,1,7
1,2,5,19,5,3,1,2,7,7
0,5,30,20,15,3,1,2,1,1
1,7,30,16,3,1,3,1,13,7
0,4,27,10,15,2,1,1,1,1
0,10,26,20,15,1,1,1,1,7
1,11,6,18,5,2,1,1,7,7
1,12,24,2,5,1,1,1,7,7
1,4,9,16,3,1,3,1,14,7
1,12,10,11,14,1,1,1,1,1
0,4,12,9,3,2,3,1,14,7
0,2,5,16,3,5,1,4,14,1
1,3,27,5,18,1,1,1,1,1
1,4,26,11,15,1,2,1,1,7
0,6,4,19,3,3,2,2,14,7
0,1,5,14,0,1,2,1,0,7
1,7,24,22,3,1,3,1,14,7
1,1,5,0,14,1,3,1,1,7
0,12,18,10,15,2,1,4,1,7
0,10,25,15,4,1,3,1,14,7
0,5,18,16,3,1,1,1,7,7
1,3,30,21,19,1,1,1,1,7
1,11,27,5,18,2,1,1,1,1
0,1,10,5,15,1,1,1,1,7
1,1,18,6,14,1,1,1,1,7
1,7,30,9,5,1,1,1,14,7
0,8,15,13,11,1,2,1,1,7
0,3,29,23,5,1,1,1,7,7
0,7,25,13,4,1,3,1,13,7
0,10,10,7,3,1,2,2,14,7
0,2,23,19,3,1,2,1,14,7
0,7,30,8,14,1,1,1,1,7
0,5,7,16,3,1,2,1,14,7
0,6,17,8,14,1,1,1,1,7
0,7,27,9,14,1,2,1,1,7
1,12,14,14,4,1,1,1,7,7
1,10,9,14,6,1,1,1,7,7
1,5,22,3,3,1,3,1,14,7
0,3,18,17,2,1,2,1,14,7
1,9,8,9,15,1,3,1,1,2
0,10,25,14,6,1,1,1,14,1
1,5,16,8,11,1,3,1,1,7
0,3,16,12,4,1,2,1,7,7
1,1,12,11,3,1,3,1,7,7
1,11,13,15,1,1,3,1,13,7
0,3,14,13,15,1,1,1,1,1
0,8,15,11,2,2,3,1,14,7
0,6,13,11,5,1,3,1,14,7
1,1,17,18,3,1,1,1,14,7
0,3,23,12,2,3,2,2,14,7
1,7,29,9,1,1,3,1,13,7
1,9,21,1,18,1,1,1,1,1
0,12,13,21,4,3,3,2,14,7
0,12,12,17,3,1,1,1,14,7
1,7,6,14,18,1,3,1,1,1
1,12,12,21,3,3,3,2,13,7
1,10,17,17,15,1,1,1,1,7
1,5,18,21,5,1,1,1,11,7
1,9,26,3,14,1,1,1,1,7
1,4,2,2,5,1,1,1,14,7
0,4,5,14,0,1,2,1,0,7
1,8,18,11,3,1,2,1,13,7
0,9,1,22,5,3,1,2,7,1
0,7,22,15,15,1,2,1,1,1
0,11,29,17,2,1,1,1,14,7
0,9,9,14,3,1,3,1,14,7
1,12,31,23,3,1,2,1,7,7
1,10,8,18,15,3,1,2,1,7
1,11,23,15,0,5,3,4,0,7
0,4,11,12,15,2,1,1,1,7
1,9,14,15,14,1,3,1,1,7
1,3,6,18,3,1,2,1,7,7
1,12,16,16,18,1,1,1,1,1
0,11,11,7,17,1,2,1,1,7
0,3,9,9,14,1,1,1,1,7
1,2,24,17,4,2,3,1,13,7
1,9,11,13,3,1,3,1,11,7
1,3,13,19,3,1,3,1,7,7
1,5,3,23,15,1,1,1,1,3
0,3,23,19,3,2,3,1,14,7
0,10,1,6,2,2,1,1,7,1
0,10,28,15,14,1,2,1,1,7
0,12,7,14,14,1,1,1,1,7
1,6,1,20,3,1,3,1,7,7
0,6,1,18,0,3,1,2,0,7
0,10,27,12,4,2,1,1,14,7
1,5,2,17,15,1,1,1,1,7
1,5,5,11,4,1,3,1,13,7
0,9,30,0,4,1,1,1,14,7
0,7,22,19,5,1,1,1,14,7
1,7,6,5,5,1,1,1,7,7
1,1,23,10,5,1,1,1,7,7
1,11,26,15,2,2,1,1,14,7
1,6,23,9,4,1,3,1,14,7
0,2,21,19,14,3,1,2,1,1
0,11,17,10,14,1,2,1,1,7
1,7,20,8,17,1,3,1,1,2
1,8,1,1,3,1,1,1,14,7
1,8,19,18,0,2,3,1,0,7
0,8,4,8,3,1,2,1,12,7
0,4,12,16,14,2,1,1,1,2
0,11,29,17,3,1,1,1,14,7
0,11,2,7,3,3,3,2,14,7
1,4,16,0,4,2,3,1,11,7
0,12,7,2,6,1,1,1,7,1
1,1,29,15,3,1,1,1,14,7
0,5,27,12,14,2,3,1,1,4
1,10,15,12,0,1,2,1,0,7
0,10,4,13,1,3,1,2,14,7
0,5,8,9,3,1,3,1,13,7
1,5,6,19,3,2,2,2,14,7
0,4,12,18,11,1,2,1,1,7
0,5,29,8,5,1,2,1,14,7
1,11,14,22,4,1,1,1,14,7
1,5,25,21,3,1,3,1,14,7
0,11,16,18,15,2,2,1,1,7
0,9,28,13,2,2,1,1,7,1
1,12,15,9,3,1,3,1,11,7
0,6,20,16,3,1,3,1,7,7
1,12,30,22,15,3,3,2,1,7
1,9,10,17,3,1,1,1,7,7
1,2,16,17,4,1,3,1,11,7
0,5,25,17,5,1,2,1,7,7
1,11,16,4,4,2,1,1,14,7
0,4,13,17,3,1,2,1,14,7
0,8,14,17,3,1,3,1,14,7
0,12,3,8,15,1,3,1,1,7
1,10,2,17,3,1,2,1,14,7
1,10,22,23,0,3,3,2,0,7
0,2,7,10,11,1,2,1,1,7
0,1,8,9,3,1,3,4,7,7
0,1,25,19,17,2,1,1,1,7
0,6,1,21,4,1,1,1,7,1
0,12,15,17,3,3,1,2,14,7
1,8,4,19,15,2,2,1,1,7
0,1,11,18,0,2,3,1,0,7
0,4,30,0,3,2,1,1,14,7
0,2,6,19,5,1,1,1,7,7
0,10,16,22,15,1,1,1,1,7
0,1,20,16,4,1,1,1,14,7
0,10,30,15,4,1,2,1,14,7
1,6,2,19,15,3,1,2,1,1
0,11,7,19,11,1,2,1,1,1
0,12,14,18,15,1,1,1,1,7
0,5,7,9,5,3,1,2,14,7
0,2,19,10,4,1,1,1,14,7
0,3,1,3,11,1,3,1,1,7
1,8,15,11,14,1,3,1,1,7
1,3,1,10,14,3,1,2,1,2
1,4,5,7,15,1,1,1,1,1
0,9,13,0,14,1,1,1,1,7
1,8,19,22,5,3,1,2,7,7
1,9,18,18,19,2,1,1,1,1
1,8,26,9,2,1,1,1,12,7
1,1,4,17,3,1,3,1,14,7
1,1,16,16,18,1,1,1,1,1
1,4,19,17,15,2,1,1,1,1
0,4,11,13,14,1,3,1,1,7
1,11,5,11,3,1,3,1,13,7
0,6,16,17,5,1,1,1,14,7
0,6,19,6,18,1,3,1,1,7
1,2,16,23,1,1,3,5,14,7
1,9,10,19,2,2,3,1,14,7
0,1,12,16,5,1,2,1,14,7
1,11,12,17,2,1,3,1,14,7
0,10,6,12,15,2,1,1,1,1
1,11,14,20,4,1,3,1,7,1
1,1,21,4,3,3,2,2,13,7
1,7,14,18,6,1,1,1,14,7
0,1,13,18,11,1,1,1,1,7
0,5,19,17,0,1,2,1,0,7
1,12,30,20,18,1,2,1,1,1
0,4,22,7,2,3,3,2,7,7
1,4,27,7,5,1,1,1,13,7
0,1,12,17,5,1,1,1,7,2
0,6,19,9,3,1,1,1,14,7
0,7,18,14,11,1,1,1,1,7
1,4,4,7,4,2,1,1,14,7
0,10,12,16,3,1,3,1,14,7
0,5,22,7,3,1,2,1,14,7
0,12,11,7,15,1,3,1,1,1
1,7,16,19,3,3,2,2,14,7
1,6,14,9,3,1,3,1,13,7
1,3,14,18,3,1,1,1,21,7
0,6,15,9,2,2,2,1,14,7
0,6,24,20,11,1,1,1,1,7
1,1,28,10,14,1,3,1,1,7
0,8,14,16,15,1,2,1,1,1
0,1,15,18,14,2,1,1,1,7
1,1,21,5,4,3,2,2,7,7
1,2,11,2,15,1,3,1,1,1
1,9,23,6,1,1,3,1,13,7
0,6,8,19,3,3,3,2,14,7
0,9,18,9,6,1,1,1,14,7
1,9,10,12,3,2,2,1,14,7
1,6,21,3,5,3,2,2,14,7
1,3,7,19,5,2,3,1,14,7
1,10,30,1,4,3,1,2,14,7
0,4,29,18,15,2,2,1,1,1
1,9,25,12,3,2,2,1,14,7
0,11,9,18,3,1,2,1,7,1
1,7,13,17,3,2,3,1,13,7
0,8,10,9,15,1,1,1,1,1
1,1,24,3,4,5,2,3,13,7
1,12,26,18,14,2,3,1,1,7
0,7,24,9,4,1,1,1,7,7
0,11,1,15,14,2,2,1,1,7
0,12,14,20,19,2,2,1,1,1
1,8,14,19,14,4,2,1,1,2
0,9,6,13,2,1,2,1,14,7
0,3,22,12,4,1,1,1,7,1
0,12,17,10,2,2,2,1,7,7
1,10,12,15,3,1,3,1,14,7
0,4,23,8,3,1,1,1,7,7
1,6,11,17,15,1,2,1,1,1
1,6,8,8,15,1,1,1,1,1
1,7,17,2,3,3,3,2,14,7
1,1,1,4,15,1,1,1,1,7
1,11,5,4,5,1,3,1,14,7
1,10,15,1,3,1,3,1,14,7
1,8,11,12,2,1,3,1,14,7
1,9,27,10,2,2,2,1,14,7
0,7,18,12,1,1,2,1,7,7
1,8,12,6,4,1,3,1,14,7
1,11,27,16,3,1,3,1,14,7
0,2,15,14,3,2,1,1,14,7
1,12,29,19,3,1,3,1,13,7
1,7,5,2,3,1,3,1,13,7
0,12,10,7,1,1,1,1,14,7
0,8,3,12,4,1,3,1,14,7
0,8,23,18,11,1,1,1,1,7
0,8,13,14,4,1,2,1,7,1
1,3,28,12,3,2,3,1,13,7
1,2,18,16,3,2,3,1,14,7
1,4,25,15,5,1,2,1,7,1
1,5,7,4,15,3,1,2,1,7
0,11,15,8,5,2,3,1,14,7
1,8,24,5,3,1,2,1,7,7
1,11,22,17,15,1,1,1,1,1
1,9,8,14,2,1,3,1,13,7
0,1,15,10,3,1,2,1,7,1
0,9,4,8,18,1,1,1,1,2
0,10,3,13,2,3,3,2,7,1
1,8,11,7,15,1,3,1,1,1
1,6,7,13,5,1,2,1,13,2
1,11,23,14,2,1,3,1,21,7
1,5,7,14,1,2,3,1,14,7
0,9,23,19,4,1,3,1,12,7
1,2,3,7,18,1,2,1,1,1
1,12,6,16,3,5,1,3,7,7
0,5,17,7,3,1,2,1,14,7
0,9,24,19,3,2,1,1,14,7
0,1,19,17,3,2,3,1,12,7
1,7,1,6,2,3,2,2,7,7
0,7,22,10,2,1,2,1,14,7
1,8,7,14,3,1,1,1,13,2
1,12,22,23,4,1,2,2,13,2
1,4,15,12,3,1,3,1,14,7
0,3,16,7,0,1,2,1,0,7
1,9,23,15,14,1,2,1,1,2
0,11,8,7,4,3,1,2,14,1
0,10,15,17,4,1,3,1,14,7
0,1,30,17,3,1,1,1,14,7
1,5,13,0,5,3,1,2,14,7
0,11,2,22,11,3,1,2,1,1
0,3,15,11,19,1,1,1,1,1
1,9,18,19,3,1,2,1,14,7
1,10,24,6,3,2,3,1,14,7
1,11,29,9,3,1,1,1,14,7
0,5,9,11,15,2,1,1,1,1
1,10,14,12,4,2,3,1,13,7
0,3,16,13,3,1,1,1,14,7
0,8,23,19,15,1,2,1,1,7
0,11,16,16,3,1,3,1,14,7
0,10,21,7,2,1,1,1,14,7
0,12,7,13,15,1,3,1,1,7
1,7,21,7,4,2,2,1,7,1
0,3,30,16,4,1,2,1,14,7
1,1,3,8,6,2,3,1,14,7
1,5,3,11,0,1,3,1,0,7
1,4,1,21,3,1,3,1,14,7
0,3,21,9,11,1,1,1,1,7
0,6,19,12,17,1,1,1,1,7
0,5,22,11,15,2,1,1,1,7
1,10,22,17,3,1,3,1,14,7
0,7,8,17,17,2,3,2,1,1
1,4,10,21,19,1,2,1,1,1
1,4,23,5,3,3,3,2,13,7
1,11,30,23,18,1,2,1,1,1
0,10,9,14,3,2,3,2,14,7
1,2,4,0,18,3,1,2,1,1
1,10,4,5,15,1,1,1,1,7
0,2,16,18,15,1,3,1,1,7
0,4,3,19,14,3,1,2,1,7
1,10,13,12,18,1,1,1,1,7
0,3,31,7,18,1,2,1,1,1
1,4,28,9,0,1,3,5,0,7
1,12,11,9,14,1,2,1,1,7
0,12,28,10,4,1,1,1,14,7
0,9,2,13,6,1,1,1,7,1
0,8,6,19,15,1,1,1,1,1
0,4,10,10,14,1,3,1,1,7
0,6,10,18,15,1,2,1,1,1
0,7,17,0,5,3,1,2,7,1
0,5,14,16,5,1,2,1,14,7
1,6,30,2,4,3,3,2,14,7
0,12,6,12,3,1,3,1,7,7
1,1,10,17,14,2,1,2,1,7
1,3,7,10,0,1,3,5,0,7
1,10,21,17,3,2,3,1,13,7
1,6,10,11,17,2,1,2,1,7
1,9,24,15,18,2,2,1,1,7
1,4,16,21,15,3,1,2,1,7
1,4,16,9,4,2,3,1,14,7
0,4,17,17,0,1,1,1,0,7
1,5,24,8,18,2,2,1,1,1
0,10,9,8,15,1,1,1,1,1
1,6,2,0,3,1,1,1,14,7
0,3,7,10,5,1,2,1,14,7
1,3,13,22,14,1,2,1,1,7
1,12,16,6,14,1,1,1,1,7
0,11,25,16,18,1,1,1,1,1
0,9,20,23,15,2,1,1,1,1
1,4,7,0,2,3,2,2,13,7
1,3,27,14,3,1,3,1,14,7
0,12,7,8,14,1,2,1,1,1
0,11,3,17,3,1,1,1,14,7
0,7,5,8,11,1,2,1,1,7
0,3,24,13,3,1,3,1,7,7
0,5,29,14,15,1,1,1,1,1
1,9,14,13,14,1,1,1,1,1
1,9,15,10,3,1,3,1,13,7
1,10,20,3,3,1,3,1,14,7
1,9,19,20,3,1,1,1,14,7
0,7,6,17,15,1,2,1,1,7
0,5,5,8,15,1,1,1,1,1
1,3,11,13,4,1,3,1,14,7
0,5,29,9,19,1,2,1,1,1
0,5,14,14,0,1,1,1,0,7
0,1,24,14,3,1,1,1,14,7
0,6,29,19,15,1,2,1,1,1
1,11,30,11,19,1,1,1,1,1
1,8,28,9,3,1,1,1,7,7
0,2,27,16,15,1,1,1,1,1
0,3,31,12,4,1,2,1,7,1
1,1,15,5,3,1,1,1,14,7
1,2,18,12,2,2,2,1,14,7
1,8,18,2,18,1,3,1,1,1
0,9,28,15,11,2,1,1,1,7
1,4,4,21,4,2,3,1,7,7
1,8,22,9,3,1,3,1,14,7
1,8,10,15,4,1,3,1,13,7
1,4,26,11,0,1,1,1,0,7
0,4,8,20,5,3,1,2,7,7
1,7,9,4,3,1,2,1,7,7
1,11,28,3,4,1,1,1,13,7
0,1,10,8,4,1,3,1,14,2
0,8,11,13,15,1,1,1,1,7
0,12,3,18,4,1,2,1,14,7
1,5,31,20,3,2,3,1,14,7
0,2,23,8,5,3,1,1,14,7
1,1,22,5,15,3,2,2,1,7
0,5,15,16,4,2,1,1,7,2
1,12,5,5,14,1,1,1,1,1
0,11,12,8,3,1,3,1,14,7
0,8,1,8,15,1,3,1,1,1
1,5,11,17,0,1,1,1,0,7
1,11,9,10,3,1,3,1,14,7
0,7,6,18,4,1,1,1,14,7
0,6,5,9,3,1,1,1,14,7
0,3,5,8,4,3,2,2,7,1
0,11,18,9,18,1,3,1,1,7
0,8,27,11,5,2,1,1,7,1
0,7,14,19,6,2,3,1,14,7
1,7,19,16,18,1,1,1,1,1
0,9,6,10,3,1,3,1,14,7
1,1,13,9,19,1,1,1,1,1
1,9,26,12,18,1,1,1,1,1
1,9,14,21,2,2,3,1,14,7
1,8,4,9,3,1,3,2,11,7
1,11,19,15,11,2,3,1,1,7
1,10,26,17,3,1,3,1,14,7
0,10,10,16,3,2,1,1,7,7
0,1,7,18,3,1,3,1,13,7
0,8,15,9,14,1,1,1,1,7
1,7,25,7,3,1,3,1,13,7
1,8,27,12,2,1,2,1,13,7
0,2,21,9,15,3,2,2,1,7
1,5,28,9,14,3,1,2,1,7
0,2,19,21,4,2,1,2,7,1
0,6,19,8,2,1,1,1,14,7
0,4,25,16,19,2,1,1,1,1
0,6,20,9,3,1,3,1,14,7
0,2,10,14,11,1,3,1,1,7
1,9,29,23,3,1,1,1,21,7
1,12,6,19,5,2,1,1,14,7
1,10,16,23,3,1,2,1,13,7
0,6,3,15,5,2,3,1,14,7
0,1,14,16,15,1,1,1,1,7
1,8,11,22,3,1,1,1,14,7
0,6,18,11,15,1,1,1,1,1
1,1,31,22,0,2,2,1,0,7
1,10,13,9,15,1,3,1,1,7
0,12,25,13,0,1,1,1,0,7
0,9,30,10,0,1,2,1,0,7
1,1,5,17,3,1,2,1,14,7
1,11,19,20,3,1,1,1,7,1
0,11,1,18,11,3,1,2,1,7
0,5,16,7,4,1,3,1,14,7
1,12,21,1,4,1,1,1,14,7
1,1,26,7,14,1,3,1,1,7
1,7,29,20,19,1,1,1,1,1
0,2,28,13,3,1,3,1,14,7
1,11,5,17,0,2,3,1,0,7
1,3,29,18,14,1,2,1,1,7
0,12,3,21,18,1,1,1,1,7
1,4,24,12,3,1,1,1,7,7
0,4,8,6,11,1,2,1,1,7
0,8,25,10,5,1,1,1,14,7
1,9,5,0,5,2,3,1,13,7
0,2,10,8,1,1,1,2,14,7
0,10,17,18,3,1,2,1,14,7
1,11,24,4,15,1,3,1,1,1
1,11,19,16,3,1,3,1,13,7
0,4,16,7,15,1,3,1,1,1
0,3,19,16,2,2,2,1,14,7
1,12,21,17,14,1,2,1,1,7
0,5,2,14,0,1,2,1,0,7
0,1,28,15,2,2,1,1,14,7
1,1,16,13,3,1,3,1,14,7
1,4,8,19,3,3,3,2,14,7
0,5,20,16,3,1,1,1,14,7
0,3,29,15,5,1,1,1,11,7
0,11,11,17,17,1,1,1,1,7
0,7,6,9,5,2,1,1,14,7
0,5,14,14,1,1,2,1,7,1
0,3,1,7,1,2,1,1,14,7
1,10,21,19,0,3,3,2,0,7
0,8,2,14,3,1,1,1,14,7
1,5,9,23,3,1,2,1,7,7
0,7,24,15,18,1,1,1,1,1
0,5,30,12,3,1,1,1,14,7
1,2,21,18,3,3,1,2,12,7
1,11,15,17,18,2,1,1,1,1
1,12,15,21,3,1,3,1,13,7
1,6,29,10,14,2,1,1,1,7
1,2,29,22,15,3,1,2,1,7
1,10,6,9,14,2,2,2,1,7
0,2,1,7,15,3,3,2,1,1
1,8,18,10,0,1,2,1,0,7
1,7,15,6,6,1,3,1,14,7
0,3,1,5,15,3,1,2,1,7
1,5,27,1,18,2,2,1,1,1
1,8,25,22,4,2,3,1,13,7
1,12,18,21,4,2,3,1,13,7
1,2,2,5,3,2,3,1,14,7
1,6,30,21,2,3,3,2,14,7
0,7,19,17,15,1,1,1,1,1
1,6,16,17,5,1,2,1,13,7
0,2,14,8,5,1,1,1,7,1
1,7,15,23,5,2,1,1,14,7
0,10,21,9,6,1,3,1,14,7
1,8,2,18,4,1,3,1,7,7
0,10,3,17,18,2,3,1,1,1
1,4,9,11,3,1,3,1,14,7
1,1,9,16,3,1,1,1,14,7
1,7,6,6,18,1,1,1,1,1
0,12,22,14,3,1,1,1,14,7
0,5,11,6,15,1,1,1,1,1
0,7,1,8,5,3,1,2,14,7
1,10,21,17,3,2,3,1,7,7
0,5,10,18,0,1,3,1,0,7
1,9,12,6,17,1,2,1,1,2
0,12,9,17,4,1,1,1,14,7
0,11,29,17,11,1,1,1,1,7
1,7,25,11,2,1,3,1,14,7
1,5,2,15,4,1,3,1,14,7
0,5,30,21,3,3,1,2,14,7
0,1,25,17,17,1,2,1,1,7
0,11,5,7,14,1,3,1,1,7
0,10,13,0,17,1,2,1,1,1
0,1,25,23,15,1,1,1,1,1
0,12,11,16,15,1,1,1,1,1
0,2,20,18,15,2,2,1,1,1
1,1,25,16,1,2,3,1,7,7
0,7,24,22,4,1,1,1,7,1
1,11,27,20,3,1,2,1,14,7
0,9,13,22,17,1,2,1,1,1
1,2,8,15,1,1,3,4,7,7
0,7,24,8,11,1,3,1,1,7
1,8,1,22,19,1,1,1,1,1
0,10,9,7,4,3,2,2,7,1
0,4,11,7,4,1,1,1,7,1
0,11,14,10,11,1,3,1,1,7
0,8,26,9,5,2,2,1,14,7
1,12,26,18,18,1,1,1,1,1
0,6,12,14,15,1,1,1,1,7
0,5,23,8,14,1,3,1,1,7
1,6,7,11,11,2,1,1,1,7
1,12,28,14,3,1,1,1,13,7
1,10,10,17,3,1,3,1,14,7
0,3,28,20,14,3,1,2,1,7
1,10,17,17,11,1,1,1,1,7
1,11,28,7,19,1,1,1,1,1
1,2,7,18,18,2,1,2,1,1
0,3,25,15,5,3,1,2,14,7
1,2,22,20,14,2,2,2,1,7
0,6,8,15,4,1,2,1,14,7
0,9,18,17,6,1,1,1,14,7
1,7,23,10,18,2,1,1,1,1
1,7,9,14,14,2,1,1,1,7
0,11,8,19,18,1,1,1,1,1
1,8,7,0,2,1,2,1,7,7
0,5,1,13,3,2,3,1,7,7
1,8,22,1,3,1,3,1,11,7
1,8,21,14,2,2,2,1,13,7
1,12,1,11,3,1,1,1,7,1
0,12,7,19,3,5,3,3,7,1
1,8,21,14,4,1,3,1,14,7
0,12,13,19,3,1,1,1,14,7
0,1,21,18,15,1,1,1,1,1
1,4,5,16,0,1,1,1,0,7
1,9,26,19,3,1,2,1,14,7
1,10,26,2,3,2,2,2,13,7
1,6,23,20,4,3,3,2,12,7
1,11,26,18,3,3,3,2,7,3
0,11,9,6,19,2,1,1,1,1
1,2,26,7,19,1,2,1,1,1
1,1,18,12,1,1,2,1,23,7
0,3,18,8,3,1,1,1,7,1
0,2,8,6,14,1,1,1,1,7
1,7,30,22,5,1,1,1,14,7
1,5,26,18,14,1,3,1,1,7
0,6,7,11,3,2,3,1,13,7
1,1,17,22,18,1,1,1,1,7
1,7,29,11,3,1,2,1,14,7
1,9,23,3,6,1,1,1,14,7
0,4,30,19,5,3,1,2,7,7
0,9,9,20,2,2,2,1,14,7
0,6,21,11,18,3,1,2,1,1
1,10,7,4,4,2,2,2,14,7
0,6,10,13,15,2,1,1,1,1
1,3,4,20,14,2,3,1,1,2
0,3,4,15,2,1,1,1,14,7
0,4,15,15,11,1,2,1,1,7
1,5,31,22,4,1,2,1,13,7
0,8,3,11,15,1,1,1,1,1
0,11,9,6,15,1,1,1,1,1
1,2,16,19,14,2,3,1,1,7
0,11,26,7,4,1,2,1,14,7
1,10,8,17,11,2,3,1,1,7
1,12,1,19,3,1,3,1,13,7
1,7,29,19,3,1,1,1,7,7
1,12,5,17,4,1,1,1,7,7
0,8,9,18,5,1,2,1,14,7
